pais,country_slug,jugador,slug,posicion_listado,primary_position,secondary_positions,wikidata_id,wikidata_label,wikidata_description,enrichment_status,birth_date,height_cm,club,shirt_number,is_captain,attack,midfield,defense,goalkeeping,ovr
México,mexico,Raúl Rangel,raul-rangel,ARQUEROS,GK,[],Q120753803,José Raul Rangel,Mexican footballer (born 2000),matched,2000-02-25,191,,,false,9,19,31,80,73
México,mexico,Carlos Acevedo,carlos-acevedo,ARQUEROS,GK,[],Q26707107,Carlos Acevedo,Mexican association football player (b. 1996),matched,1996-04-19,182,Santos Laguna,,false,11,21,33,82,75
México,mexico,Guillermo Ochoa,guillermo-ochoa,ARQUEROS,GK,[],Q215522,Guillermo Ochoa,Mexican association football player (born 1985),matched,1985-07-13,183,AEL Limassol FC,,false,11,21,33,82,75
México,mexico,Israel Reyes,israel-reyes,DEFENSORES,CB,"[""LB"",""RB""]",Q107739233,Israel Reyes,Mexican association football player,matched,2000-05-23,179,,,false,33,52,77,2,71
México,mexico,Jorge Sánchez,jorge-sanchez,DEFENSORES,CB,"[""LB"",""RB""]",Q11073995,Jorge Sánchez,Mexican association football player,matched,1993-02-14,170,Club Celaya,,false,35,54,79,4,73
México,mexico,César Montes,cesar-montes,DEFENSORES,CB,[],Q20816441,César Montes,Mexican association football player,matched,1997-02-24,191,Club de Fútbol Monterrey,,false,37,56,81,6,75
México,mexico,Edson Álvarez,edson-alvarez,DEFENSORES,CB,[],Q27859514,Edson Álvarez,Mexican association football player,matched,1997-10-24,185,West Ham United F.C.,,false,40,59,84,9,78
México,mexico,Johan Vásquez,johan-vasquez,DEFENSORES,CB,"[""LB"",""RB""]",Q9012371,Johan Vásquez,Peruvian footballer,matched,1984-10-08,,Cienciano,,false,33,52,77,2,71
México,mexico,Jesús Gallardo,jesus-gallardo,DEFENSORES,CB,"[""LB"",""RB""]",Q22092356,Jesús Gallardo,Mexican association football player,matched,1994-08-15,177,Pumas UNAM,,false,34,53,78,3,72
México,mexico,Mateo Chávez,mateo-chavez,DEFENSORES,CB,"[""LB"",""RB""]",Q124420330,Mateo Chávez,Mexican footballer (born 2004),matched,2004-05-12,177,,,false,32,51,76,1,70
México,mexico,Erik Lira,erik-lira,MEDIOCAMPISTAS,CM,[],Q98593181,Erik Lira,Mexican footballer,matched,2000-05-08,172,,,false,52,73,54,1,71
México,mexico,Obed Vargas,obed-vargas,MEDIOCAMPISTAS,CM,[],Q106778770,Obed Vargas,Mexican soccer player,matched,2005-08-05,175,Seattle Sounders FC,,false,51,72,53,1,70
México,mexico,Luis Romo,luis-romo,MEDIOCAMPISTAS,CM,"[""CDM"",""CAM""]",Q56433831,Luis Romo,Mexican association football player,matched,1995-06-05,184,Querétaro F.C.,,false,53,74,55,1,72
México,mexico,Álvaro Fidalgo,alvaro-fidalgo,MEDIOCAMPISTAS,CM,[],Q98092491,Álvaro Fidalgo,Mexican association football player (born 1997),matched,1997-04-09,174,Real Madrid Castilla,,false,59,80,61,6,78
México,mexico,Luis Chávez,luis-chavez,MEDIOCAMPISTAS,CM,"[""CDM"",""CAM""]",Q115789406,Luis Chávez,Peruvian association football player,matched,2000-06-10,,Club Universitario de Deportes,,false,56,77,58,3,75
México,mexico,Orbelín Pineda,orbelin-pineda,MEDIOCAMPISTAS,CM,[],Q18224489,Orbelín Pineda,Mexican association football player,matched,1996-03-24,168,AEK Athens F.C.,,false,58,79,60,5,77
México,mexico,Brian Gutiérrez,brian-gutierrez,MEDIOCAMPISTAS,CM,[],Q98536293,Brian Gutiérrez,Mexican-American soccer player,matched,2003-06-17,178,,,false,51,72,53,1,70
México,mexico,Gilberto Mora,gilberto-mora,MEDIOCAMPISTAS,CM,"[""CDM"",""CAM""]",Q129652337,Gilberto Mora,Mexican footballer (born 2008),matched,2008-10-14,168,,,false,51,72,53,1,70
México,mexico,Raúl Jiménez,raul-jimenez,DELANTEROS,ST,[],Q1925465,Raúl Jiménez,Mexican association football player (born 1991),matched,1991-05-05,190,Fulham F.C.,,false,85,60,28,5,80
México,mexico,Santiago Giménez,santiago-gimenez,DELANTEROS,ST,[],Q33296979,Santiago Giménez,Mexican footballer (born 2001),matched,2001-04-18,182,AC Milan,,false,93,68,36,13,88
México,mexico,Guillermo Martínez,guillermo-martinez,DELANTEROS,ST,"[""LW"",""RW""]",,,,unmatched,,,,,false,79,54,22,1,74
México,mexico,Armando González,armando-gonzalez,DELANTEROS,ST,"[""LW"",""RW""]",Q2058819,Armando González,Paraguayan footballer,matched,1924-00-00,,Club Guaraní,,false,81,56,24,1,76
México,mexico,Julián Quiñones,julian-quinones,DELANTEROS,ST,[],Q22082627,Julián Andrés Quiñones,Mexican association football player,matched,1997-03-24,176,Lobos de la BUAP,,false,83,58,26,3,78
México,mexico,Alexis Vega,alexis-vega,DELANTEROS,ST,"[""LW"",""RW""]",Q27825117,Alexis Vega,Argentinian association football player,matched,1993-05-01,167,Club El Porvenir,,false,84,59,27,4,79
México,mexico,Roberto Alvarado,roberto-alvarado,DELANTEROS,ST,"[""LW"",""RW""]",Q21004804,Roberto Alvarado,Mexican association football player,matched,1998-09-07,170,Tigres UANL,,false,85,60,28,5,80
México,mexico,César Huerta,cesar-huerta,DELANTEROS,ST,"[""LW"",""RW""]",Q50820392,César Huerta,Mexican association football player,matched,2000-12-03,171,C.D. Guadalajara,,false,83,58,26,3,78
Corea Del Sur,corea-del-sur,Jo Hyeon-woo,jo-hyeon-woo,ARQUEROS,GK,[],Q15622446,Jo Hyeon-woo,South Korean footballer,matched,1991-09-25,190,Ulsan HD FC,,false,11,21,33,82,75
Corea Del Sur,corea-del-sur,Kim Seung-gyu,kim-seung-gyu,ARQUEROS,GK,[],Q6409355,Kim Seung-gyu,South Korean association football player,matched,1990-09-30,184,Al-Shabab Football Club,,false,5,15,27,76,69
Corea Del Sur,corea-del-sur,Song Bum-keun,song-bum-keun,ARQUEROS,GK,[],Q49562244,Song Bum-keun,South Korean association football player,matched,1997-10-15,194,Shonan Bellmare,,false,12,22,34,83,76
Corea Del Sur,corea-del-sur,Kim Min-jae,kim-min-jae,DEFENSORES,CB,[],Q28699707,Kim Min-jae,South Korean association football player (born 1996),matched,1996-11-15,190,FC Bayern Munich,,false,41,60,85,10,79
Corea Del Sur,corea-del-sur,Cho Wi-je,cho-wi-je,DEFENSORES,CB,"[""LB"",""RB""]",Q119432409,Cho Wi-je,South Korean footballer,matched,2001-08-25,,,,false,32,51,76,1,70
Corea Del Sur,corea-del-sur,Lee Han-beom,lee-han-beom,DEFENSORES,CB,"[""LB"",""RB""]",Q106779330,Lee Han-beom,South Korean footballer,matched,2002-06-17,190,FC Midtjylland,,false,37,56,81,6,75
Corea Del Sur,corea-del-sur,Kim Tae-hyeon,kim-tae-hyeon,DEFENSORES,CB,"[""LB"",""RB""]",Q79904514,Kim Tae-hyeon,South Korean association football player,matched,2000-09-17,187,Ulsan HD FC,,false,34,53,78,3,72
Corea Del Sur,corea-del-sur,Park Jin-seob,park-jin-seob,DEFENSORES,CB,"[""LB"",""RB""]",Q69696842,Park Jin-seop,South Korean association football player (1995-),matched,1995-10-23,184,Jeonbuk Hyundai Motors FC,,false,32,51,76,1,70
Corea Del Sur,corea-del-sur,Lee Gi-hyuk,lee-gi-hyuk,DEFENSORES,CB,"[""LB"",""RB""]",,,,unmatched,,,,,false,29,48,73,1,67
Corea Del Sur,corea-del-sur,Lee Tae-seok,lee-tae-seok,DEFENSORES,CB,[],Q61100362,Lee Tae-seok,South Korean association football player (2002-),matched,2002-07-28,174,,,false,30,49,74,1,68
Corea Del Sur,corea-del-sur,Seol Young-woo,seol-young-woo,DEFENSORES,CB,[],Q97205258,Seol Young-woo,South Korean footballer,matched,1998-12-05,180,Ulsan HD FC,,false,36,55,80,5,74
Corea Del Sur,corea-del-sur,Jens Castrop,jens-castrop,DEFENSORES,CB,"[""LB"",""RB""]",Q98829565,Jens Castrop,German association football player (born 2003),matched,2003-07-29,178,VfL Borussia Mönchengladbach,,false,37,56,81,6,75
Corea Del Sur,corea-del-sur,Kim Moon-hwan,kim-moon-hwan,DEFENSORES,CB,"[""LB"",""RB""]",Q31146726,Kim Moon-hwan,South Korean footballer,matched,1995-08-01,173,Jeonbuk Hyundai Motors FC,,false,33,52,77,2,71
Corea Del Sur,corea-del-sur,Yang Hyun-jun,yang-hyun-jun,MEDIOCAMPISTAS,CM,"[""CDM"",""CAM""]",Q113127167,Yang Hyun-jun,South Korean association football player,matched,2002-05-25,179,Gangwon FC,,false,54,75,56,1,73
Corea Del Sur,corea-del-sur,Paik Seung-ho,paik-seung-ho,MEDIOCAMPISTAS,CM,[],Q12597820,Paik Seung-ho,South Korean association football player,matched,1997-03-17,180,Jeonbuk Hyundai Motors FC,,false,57,78,59,4,76
Corea Del Sur,corea-del-sur,Hwang In-beom,hwang-in-beom,MEDIOCAMPISTAS,CM,[],Q19603924,Hwang In-beom,South Korean association football player,matched,1996-09-20,177,FK Crvena zvezda,,false,62,83,64,9,81
Corea Del Sur,corea-del-sur,Kim Jin-gyu,kim-jin-gyu,MEDIOCAMPISTAS,CM,[],Q21916759,Kim Jin-gyu,South Korean footballer (born 1997),matched,1997-02-24,177,Jeonbuk Hyundai Motors FC,,false,54,75,56,1,73
Corea Del Sur,corea-del-sur,Bae Jun-ho,bae-jun-ho,MEDIOCAMPISTAS,CM,"[""CAM""]",Q118978780,Bae Jun-ho,South Korean footballer (born 2003),matched,2003-08-21,180,Stoke City F.C.,,false,59,80,61,6,78
Corea Del Sur,corea-del-sur,Eom Ji-sung,eom-ji-sung,MEDIOCAMPISTAS,CM,"[""CDM"",""CAM""]",Q105896342,Eom Ji-sung,South Korean association football player,matched,2002-05-09,178,Gwangju FC,,false,57,78,59,4,76
Corea Del Sur,corea-del-sur,Hwang Hee-chan,hwang-hee-chan,MEDIOCAMPISTAS,CM,"[""CDM"",""CAM""]",Q18551518,Hwang Hee-chan,South Korean association football player (born 1996),matched,1996-01-26,177,Wolverhampton Wanderers F.C.,,false,63,84,65,10,82
Corea Del Sur,corea-del-sur,Lee Dong-gyeong,lee-dong-gyeong,MEDIOCAMPISTAS,CM,[],Q62961021,Lee Dong-gyeong,South Korean footballer (1997-),matched,1997-09-20,175,Ulsan HD FC,,false,54,75,56,1,73
Corea Del Sur,corea-del-sur,Lee Jae-sung,lee-jae-sung,MEDIOCAMPISTAS,CM,[],Q16234741,Lee Jae-sung,South Korean footballer (born 1992),matched,1992-08-10,180,1. FSV Mainz 05,,false,59,80,61,6,78
Corea Del Sur,corea-del-sur,Lee Kang-in,lee-kang-in,MEDIOCAMPISTAS,CAM,[],Q16174734,Lee Kang-in,South Korean association football player (born 2001),matched,2001-02-19,173,Paris Saint-Germain FC,,false,79,88,47,11,84
Corea Del Sur,corea-del-sur,Oh Hyeon-gyu,oh-hyeon-gyu,DELANTEROS,ST,[],Q63344470,Oh Hyeon-gyu,South Korean footballer,matched,2001-04-12,183,Beşiktaş J.K. (Football),,false,86,61,29,6,81
Corea Del Sur,corea-del-sur,Son Heung-min,son-heung-min,DELANTEROS,ST,[],Q439722,Son Heung-min,South Korean association football player (born 1992),matched,1992-07-08,183,Los Angeles FC,,false,83,58,26,3,78
Corea Del Sur,corea-del-sur,Cho Gue-sung,cho-gue-sung,DELANTEROS,ST,[],Q69696822,Cho Gue-sung,South Korean footballer,matched,1998-01-25,188,FC Midtjylland,,false,91,66,34,11,86
República Checa,republica-checa,Lukas Hornicek,lukas-hornicek,ARQUEROS,GK,[],Q100271491,Lukáš Horníček,football player,matched,2002-07-13,194,,,false,9,19,31,80,73
República Checa,republica-checa,Matej Kovar,matej-kovar,ARQUEROS,GK,[],Q59914031,Matěj Kovář,Czech association football player,matched,2000-05-17,183,,,false,9,19,31,80,73
República Checa,republica-checa,Jindrich Stanek,jindrich-stanek,ARQUEROS,GK,[],Q56512017,Jindřich Staněk,Czech association football player,matched,1996-04-27,191,SK Slavia Prague,,false,13,23,35,84,77
República Checa,republica-checa,Vladimir Coufal,vladimir-coufal,DEFENSORES,CB,[],Q15113326,Vladimír Coufal,Czech association football player,matched,1992-08-22,174,FC Slovan Liberec,,false,34,53,78,3,72
República Checa,republica-checa,David Doudera,david-doudera,DEFENSORES,CB,"[""LB"",""RB""]",Q96613620,David Douděra,Czech association football player,matched,1998-05-31,175,SK Slavia Prague,,false,41,60,85,10,79
República Checa,republica-checa,Tomas Holes,tomas-holes,DEFENSORES,CB,[],Q13360752,Tomáš Holeš,Czech soccer player,matched,1993-03-31,180,SK Slavia Prague,,false,39,58,83,8,77
República Checa,republica-checa,Robin Hranac,robin-hranac,DEFENSORES,CB,[],Q107647351,Robin Hranáč,Czech footballer,matched,2000-01-29,190,FC Viktoria Plzeň,,false,38,57,82,7,76
República Checa,republica-checa,Stepan Chaloupek,stepan-chaloupek,DEFENSORES,CB,"[""LB"",""RB""]",Q114713721,Štěpán Chaloupek,Czech footballer,matched,2003-03-08,190,FK Teplice,,false,34,53,78,3,72
República Checa,republica-checa,David Jurásek,david-jurasek,DEFENSORES,CB,"[""LB"",""RB""]",Q96070453,David Jurásek,Czech footballer,matched,2000-08-07,183,,,false,32,51,76,1,70
República Checa,republica-checa,Ladislav Krejci,ladislav-krejci,DEFENSORES,CB,"[""LB"",""RB""]",Q27919903,Ladislav Krejčí,Czech association football player (born 1999),matched,1999-04-20,191,AC Sparta Prague,,false,39,58,83,8,77
República Checa,republica-checa,Jaroslav Zeleny,jaroslav-zeleny,DEFENSORES,CB,[],Q6160707,Jaroslav Zelený,Czech association football player,matched,1992-08-20,190,AC Sparta Prague,,false,41,60,85,10,79
República Checa,republica-checa,David Zima,david-zima,DEFENSORES,CB,[],Q84312754,David Zima,Czech association football player,matched,2000-11-08,190,SK Slavia Prague,,false,38,57,82,7,76
República Checa,republica-checa,Lukas Cerv,lukas-cerv,MEDIOCAMPISTAS,CM,[],Q97312966,Lukas Cerv,football player,matched,2001-04-10,182,FC Viktoria Plzeň,,false,57,78,59,4,76
República Checa,republica-checa,Vladimir Darida,vladimir-darida,MEDIOCAMPISTAS,CM,[],Q278239,Vladimír Darida,Czech footballer,matched,1990-08-08,170,FC Hradec Králové,,false,57,78,59,4,76
República Checa,republica-checa,Lukas Provod,lukas-provod,MEDIOCAMPISTAS,CM,"[""CDM"",""CAM""]",Q45288740,Lukáš Provod,Czech association football player,matched,1996-10-23,189,SK Slavia Prague,,false,61,82,63,8,80
República Checa,republica-checa,Michal Sadilek,michal-sadilek,MEDIOCAMPISTAS,CM,"[""CDM"",""CAM""]",Q28801942,Michal Sadílek,Czech association football player,matched,1999-05-31,169,Jong PSV,,false,60,81,62,7,79
República Checa,republica-checa,Hugo Sochurek,hugo-sochurek,MEDIOCAMPISTAS,CM,"[""CDM"",""CAM""]",Q138757935,Hugo Sochůrek,Czech association football player,matched,2008-06-07,,,,false,52,73,54,1,71
República Checa,republica-checa,Alexandr Sojka,alexandr-sojka,MEDIOCAMPISTAS,CM,"[""CDM"",""CAM""]",Q131432595,Alexandr Sojka,footballer,matched,2003-00-00,,,,false,51,72,53,1,70
República Checa,republica-checa,Tomas Soucek,tomas-soucek,MEDIOCAMPISTAS,CM,[],Q20860081,Tomáš Souček,Czech association football player (born 1995),matched,1995-02-27,192,SK Slavia Prague,,false,62,83,64,9,81
República Checa,republica-checa,Pavel Sulc,pavel-sulc,MEDIOCAMPISTAS,CM,[],Q60791524,Pavel Sulc,football player,matched,2000-12-29,177,FC Viktoria Plzeň,,false,57,78,59,4,76
República Checa,republica-checa,Denis Visinsky,denis-visinsky,MEDIOCAMPISTAS,CM,[],Q106061470,Denis Višinský,Czech footballer,matched,2003-03-21,178,SK Slavia Prague,,false,63,84,65,10,82
República Checa,republica-checa,Adam Hlozek,adam-hlozek,DELANTEROS,ST,[],Q59782306,Adam Hložek,Czech association football player,matched,2002-07-25,185,TSG 1899 Hoffenheim,,false,88,63,31,8,83
República Checa,republica-checa,Tomas Chory,tomas-chory,DELANTEROS,ST,[],Q17037384,Tomáš Chorý,Czech footballer,matched,1995-01-26,200,SK Slavia Prague,,false,88,63,31,8,83
República Checa,republica-checa,Mojmir Chytil,mojmir-chytil,DELANTEROS,ST,[],Q104488728,Mojmír Chytil,Czech association football player,matched,1999-04-29,187,SK Sigma Olomouc,,false,86,61,29,6,81
República Checa,republica-checa,Jan Kuchta,jan-kuchta,DELANTEROS,ST,[],Q45045358,Jan Kuchta,Czech association football player,matched,1997-01-08,184,FC Midtjylland,,false,90,65,33,10,85
República Checa,republica-checa,Patrik Schick,patrik-schick,DELANTEROS,ST,[],Q16910257,Patrik Schick,Czech footballer,matched,1996-01-24,187,Bayer 04 Leverkusen,,false,93,68,36,13,88
Sudáfrica,sudafrica,Ronwen Williams,ronwen-williams,ARQUEROS,GK,[],Q7366080,Ronwen Williams,South African footballer,matched,1992-01-21,184,SuperSport United F.C.,,false,7,17,29,78,71
Sudáfrica,sudafrica,Ricardo Goss,ricardo-goss,ARQUEROS,GK,[],Q58796031,Ricardo Goss,football player,matched,1994-04-02,181,,,false,9,19,31,80,73
Sudáfrica,sudafrica,Sipho Chaine,sipho-chaine,ARQUEROS,GK,[],Q58796434,Sipho Chaine,football player,matched,1996-12-14,,,,false,7,17,29,78,71
Sudáfrica,sudafrica,Khuliso Mudau,khuliso-mudau,DEFENSORES,CB,[],Q58810793,Khuliso Mudau,South African footballer,matched,1995-04-26,181,Mamelodi Sundowns F.C.,,false,34,53,78,3,72
Sudáfrica,sudafrica,Olwethu Makhanya,olwethu-makhanya,DEFENSORES,CB,[],Q122207713,Olwethu Makhanya,South African footballer,matched,2004-04-30,,,,false,30,49,74,1,68
Sudáfrica,sudafrica,Bradley Cross,bradley-cross,DEFENSORES,CB,"[""LB"",""RB""]",Q117790110,Bradley Cross,South African footballer,matched,2001-01-30,,,,false,30,49,74,1,68
Sudáfrica,sudafrica,Aubrey Modiba,aubrey-modiba,DEFENSORES,CB,[],Q26405966,Aubrey Modiba,South African footballer,matched,1995-07-22,160,Orlando Pirates F.C.,,false,33,52,77,2,71
Sudáfrica,sudafrica,Thabang Matuludi,thabang-matuludi,DEFENSORES,CB,"[""LB"",""RB""]",Q127324870,Thabang Matuludi,South African soccer player,matched,1999-01-14,,,,false,33,52,77,2,71
Sudáfrica,sudafrica,Nkosinathi Sibisi,nkosinathi-sibisi,DEFENSORES,CB,"[""LB"",""RB""]",Q58580967,Nkosinathi Sibisi,football player,matched,1995-05-22,172,,,false,29,48,73,1,67
Sudáfrica,sudafrica,Ime Okon,ime-okon,DEFENSORES,CB,[],Q127514195,Ime Okon,South African soccer player,matched,2004-02-20,187,,,false,33,52,77,2,71
Sudáfrica,sudafrica,Samukele Kabini,samukele-kabini,DEFENSORES,CB,"[""LB"",""RB""]",Q133794425,Samukele Kabini,South African professional Football player,matched,2004-03-15,181,,,false,29,48,73,1,67
Sudáfrica,sudafrica,Mbekezeli Mbokazi,mbekezeli-mbokazi,DEFENSORES,CB,"[""LB"",""RB""]",Q133464757,Mbekezeli Mbokazi,South African soccer player (born 2005),matched,2005-09-19,177,,,false,27,46,71,1,65
Sudáfrica,sudafrica,Kamogelo Sebelebele,kamogelo-sebelebele,DEFENSORES,CB,"[""LB"",""RB""]",Q137441719,Kamogelo Sebelebele,South African soccer player (born 2002),matched,2002-07-21,,,,false,33,52,77,2,71
Sudáfrica,sudafrica,Khulumani Ndamane,khulumani-ndamane,DEFENSORES,CB,"[""LB"",""RB""]",Q137299823,Khulumani Ndamane,South African soccer player,matched,2004-02-05,,,,false,29,48,73,1,67
Sudáfrica,sudafrica,Teboho Mokoena,teboho-mokoena,MEDIOCAMPISTAS,CM,[],Q58790870,Teboho Mokoena,football player,matched,1997-01-24,176,South Africa men's national association football team,,false,58,79,60,5,77
Sudáfrica,sudafrica,Thalente Mbatha,thalente-mbatha,MEDIOCAMPISTAS,CM,"[""CDM"",""CAM""]",Q130261099,Thalente Mbatha,South African soccer player (born 2000),matched,2000-03-06,,,,false,55,76,57,2,74
Sudáfrica,sudafrica,Jayden Adams,jayden-adams,MEDIOCAMPISTAS,CM,[],Q105520386,Jayden Adams,South African soccer player,matched,2001-05-05,175,Mamelodi Sundowns F.C.,,false,55,76,57,2,74
Sudáfrica,sudafrica,Sphephelo Sithole,sphephelo-sithole,MEDIOCAMPISTAS,CM,"[""CDM"",""CAM""]",Q104530871,Sphephelo Sithole,South African association football player,matched,1999-03-03,186,B-SAD,,false,60,81,62,7,79
Sudáfrica,sudafrica,Oswin Appollis,oswin-appollis,DELANTEROS,RW,[],Q64167435,Oswin Appollis,South African association footballer,matched,2001-08-25,171,Orlando Pirates F.C.,,false,79,67,32,3,77
Sudáfrica,sudafrica,Tshepang Moremi,tshepang-moremi,DELANTEROS,RW,[],Q125166783,Tshepang Moremi,South African soccer player,matched,2000-10-02,178,,,false,78,66,31,2,76
Sudáfrica,sudafrica,Evidence Makgopa,evidence-makgopa,DELANTEROS,ST,"[""LW"",""RW""]",Q100984327,Evidence Makgopa,South African soccer player,matched,2000-06-05,188,,,false,80,55,23,1,75
Sudáfrica,sudafrica,Lyle Foster,lyle-foster,DELANTEROS,ST,[],Q42725482,Lyle Foster,South African association football player,matched,2000-09-04,185,Orlando Pirates F.C.,,false,82,57,25,2,77
Sudáfrica,sudafrica,Iqraam Rayners,iqraam-rayners,DELANTEROS,ST,[],Q100565190,Iqraam Rayners,South African soccer player,matched,1995-12-19,176,Mamelodi Sundowns F.C.,,false,84,59,27,4,79
Sudáfrica,sudafrica,Relebohile Mofokeng,relebohile-mofokeng,DELANTEROS,RW,[],Q119413564,Relebohile Mofokeng,South African soccer player,matched,2004-10-23,161,Orlando Pirates F.C.,,false,79,67,32,3,77
Sudáfrica,sudafrica,Themba Zwane,themba-zwane,DELANTEROS,ST,"[""LW"",""RW""]",Q7781199,Themba Zwane,South African soccer player,matched,1989-08-03,170,Mamelodi Sundowns F.C.,,false,79,54,22,1,74
Sudáfrica,sudafrica,Thapelo Maseko,thapelo-maseko,DELANTEROS,RW,[],Q124173111,Thapelo Maseko,South African footballer (born 2002),matched,2003-11-11,,,,false,74,62,27,1,72
Canadá,canada,Maxime Crépeau,maxime-crepeau,ARQUEROS,GK,[],Q19866530,Maxime Crépeau,Canadian soccer player,matched,1994-05-11,182,CF Montréal,,false,9,19,31,80,73
Canadá,canada,Dayne St. Clair,dayne-st-clair,ARQUEROS,GK,[],Q60583915,Dayne St. Clair,Canadian soccer player,matched,1997-05-09,191,Inter Miami CF,,false,11,21,33,82,75
Canadá,canada,Owen Goodman,owen-goodman,ARQUEROS,GK,[],Q119079226,Owen Goodman,Canadian-English footballer (born 2003),matched,2003-11-27,,,,false,5,15,27,76,69
Canadá,canada,Alphonso Davies,alphonso-davies,DEFENSORES,CB,[],Q23540953,Alphonso Davies,Canadian footballer (born 2000),matched,2000-11-02,183,FC Bayern Munich,,false,43,62,87,12,81
Canadá,canada,Moïse Bombito,moise-bombito,DEFENSORES,CB,[],Q116146104,Moïse Bombito,Canadian soccer player,matched,2000-03-30,190,OGC Nice,,false,41,60,85,10,79
Canadá,canada,Alfie Jones,alfie-jones,DEFENSORES,CB,[],Q56222105,Alfie Jones,English association football player (born 1997),matched,1997-10-07,191,St. Mirren F.C.,,false,36,55,80,5,74
Canadá,canada,Derek Cornelius,derek-cornelius,DEFENSORES,CB,"[""LB"",""RB""]",Q29901014,Derek Cornelius,Canadian soccer player,matched,1997-11-25,187,Olympique de Marseille,,false,40,59,84,9,78
Canadá,canada,Luc de Fougerolles,luc-de-fougerolles,DEFENSORES,CB,[],Q121829403,Luc de Fougerolles,Canadian soccer player,matched,2005-10-12,180,Fulham F.C.,,false,39,58,83,8,77
Canadá,canada,Alistair Johnston,alistair-johnston,DEFENSORES,RB,[],Q81878309,Alistair Johnston,Canadian association football player,matched,1998-10-08,180,Celtic F.C.,,false,54,68,79,10,80
Canadá,canada,Richie Laryea,richie-laryea,DEFENSORES,CB,"[""LB"",""RB""]",Q22096162,Richie Laryea,Canadian soccer player,matched,1995-01-07,175,Toronto FC,,false,33,52,77,2,71
Canadá,canada,Niko Sigur,niko-sigur,DEFENSORES,CB,"[""LB"",""RB""]",Q117830854,Niko Sigur,Canadian soccer player (born 2003),matched,2003-09-09,180,,,false,32,51,76,1,70
Canadá,canada,Joel Waterman,joel-waterman,DEFENSORES,CB,[],Q63700064,Joel Waterman,Canadian soccer player,matched,1996-01-24,188,CF Montréal,,false,34,53,78,3,72
Canadá,canada,Mathieu Choinière,mathieu-choiniere,MEDIOCAMPISTAS,CM,"[""CDM"",""CAM""]",Q55760452,Mathieu Choinière,Canadian soccer player,matched,1999-02-07,175,Grasshopper Club Zürich,,false,60,81,62,7,79
Canadá,canada,Stephen Eustáquio,stephen-eustaquio,MEDIOCAMPISTAS,CM,[],Q35009041,Stephen Eustáquio,Canadian soccer player,matched,1996-12-21,178,S.C.U. Torreense,,false,57,78,59,4,76
Canadá,canada,Marcelo Flores,marcelo-flores,MEDIOCAMPISTAS,CM,[],Q100243106,Marcelo Flores,Canadian association football player (born 2003),matched,2003-10-01,164,Ipswich Town F.C.,,false,56,77,58,3,75
Canadá,canada,Ismaël Koné,ismael-kone,MEDIOCAMPISTAS,CM,"[""CDM"",""CAM""]",Q10557278,Ismaël Koné,French association football player,matched,1988-07-12,188,,,false,50,71,52,1,69
Canadá,canada,Jonathan Osorio,jonathan-osorio,MEDIOCAMPISTAS,CM,[],Q10554558,Jonathan Osorio,Canadian soccer player,matched,1992-06-12,175,Toronto FC,,false,53,74,55,1,72
Canadá,canada,Nathan Saliba,nathan-saliba,MEDIOCAMPISTAS,CM,[],Q116908746,Nathan Saliba,Canadian soccer player,matched,2004-08-29,180,,,false,55,76,57,2,74
Canadá,canada,Ali Ahmed,ali-ahmed,MEDIOCAMPISTAS,CM,"[""CDM"",""CAM""]",,,,unmatched,,,,,false,53,74,55,1,72
Canadá,canada,Jonathan David,jonathan-david,DELANTEROS,ST,[],Q56085180,Jonathan David,Canadian soccer player,matched,2000-01-14,175,Juventus FC,,false,83,58,26,3,78
Canadá,canada,Promise David,promise-david,DELANTEROS,ST,"[""LW"",""RW""]",,,,unmatched,,,,,false,80,55,23,1,75
Canadá,canada,Cyle Larin,cyle-larin,DELANTEROS,ST,[],Q16935084,Cyle Larin,Canadian association football player,matched,1995-04-17,188,Beşiktaş J.K. (Football),,false,83,58,26,3,78
Canadá,canada,Tani Oluwaseyi,tani-oluwaseyi,DELANTEROS,ST,[],Q113564288,Tani Oluwaseyi,Nigerian-Canadian soccer player,matched,2000-05-15,188,Villarreal CF,,false,90,65,33,10,85
Canadá,canada,Jacob Shaffelburg,jacob-shaffelburg,DELANTEROS,ST,[],Q64009768,Jacob Shaffelburg,Canadian soccer player,matched,1999-11-26,178,Toronto FC II,,false,86,61,29,6,81
Canadá,canada,Liam Millar,liam-millar,DELANTEROS,ST,[],Q50505969,Liam Millar,Canadian soccer player,matched,1999-09-27,181,Fulham F.C.,,false,87,62,30,7,82
Canadá,canada,Tajon Buchanan,tajon-buchanan,DELANTEROS,ST,[],Q62016194,Tajon Buchanan,Canadian soccer player,matched,1999-02-08,183,Canada Olympic soccer team,,false,87,62,30,7,82
Suiza,suiza,Marvin Keller,marvin-keller,ARQUEROS,GK,[],Q108698128,Marvin Keller,Swiss association football player,matched,2002-07-03,189,,,false,5,15,27,76,69
Suiza,suiza,Gregor Kobel,gregor-kobel,ARQUEROS,GK,[],Q36184031,Gregor Kobel,Swiss footballer (born 1997),matched,1997-12-06,194,Borussia Dortmund,,false,21,31,43,92,85
Suiza,suiza,Yvon Mvogo,yvon-mvogo,ARQUEROS,GK,[],Q16236380,Yvon Mvogo,Swiss association football player,matched,1994-06-06,186,BSC Young Boys,,false,15,25,37,86,79
Suiza,suiza,Manuel Akanji,manuel-akanji,DEFENSORES,CB,[],Q19938984,Manuel Akanji,Swiss association football player,matched,1995-07-19,187,Manchester City F.C.,,false,44,63,88,13,82
Suiza,suiza,Aurèle Amenda,aurele-amenda,DEFENSORES,CB,[],Q111805882,Aurèle Amenda,Swiss association football player,matched,2003-07-31,194,,,false,31,50,75,1,69
Suiza,suiza,Eray Cömert,eray-comert,DEFENSORES,CB,[],Q24052364,Eray Cömert,Swiss association football player,matched,1998-02-04,183,FC Basel,,false,41,60,85,10,79
Suiza,suiza,Nico Elvedi,nico-elvedi,DEFENSORES,CB,[],Q18637339,Nico Elvedi,Swiss association football player,matched,1996-09-30,188,Borussia Mönchengladbach,,false,37,56,81,6,75
Suiza,suiza,Luca Jaquez,luca-jaquez,DEFENSORES,CB,[],Q122160785,Luca Jaquez,Swiss footballer,matched,2003-06-02,187,,,false,31,50,75,1,69
Suiza,suiza,Miro Muheim,miro-muheim,DEFENSORES,CB,"[""LB"",""RB""]",Q49167084,Miro Muheim,association football player,matched,1998-03-24,182,FC St. Gallen,,false,36,55,80,5,74
Suiza,suiza,Ricardo Rodríguez,ricardo-rodriguez,DEFENSORES,CB,[],Q666506,Ricardo Rodriguez,Swiss association football player (born 1992),matched,1992-08-25,180,Real Betis Balompié,,false,39,58,83,8,77
Suiza,suiza,Silvan Widmer,silvan-widmer,DEFENSORES,CB,[],Q114386,Silvan Widmer,Swiss association football player,matched,1993-03-05,182,Udinese Calcio,,false,35,54,79,4,73
Suiza,suiza,Michel Aebischer,michel-aebischer,MEDIOCAMPISTAS,CM,[],Q27469951,Michel Aebischer,Swiss association football player,matched,1997-01-06,183,BSC Young Boys,,false,59,80,61,6,78
Suiza,suiza,Remo Freuler,remo-freuler,MEDIOCAMPISTAS,CM,[],Q16595441,Remo Freuler,Swiss association football player,matched,1992-04-15,180,Bologna F.C. 1909,,false,58,79,60,5,77
Suiza,suiza,Ardon Jashari,ardon-jashari,MEDIOCAMPISTAS,CM,[],Q98816361,Ardon Jashari,Swiss footballer (born 2002),matched,2002-07-30,180,AC Milan,,false,66,87,68,13,85
Suiza,suiza,Fabian Rieder,fabian-rieder,MEDIOCAMPISTAS,CM,[],Q101033685,Fabian Rieder,Swiss association football player,matched,2002-02-16,181,,,false,55,76,57,2,74
Suiza,suiza,Djibril Sow,djibril-sow,MEDIOCAMPISTAS,CM,[],Q27995699,Djibril Sow,Swiss association football player,matched,1997-02-06,184,BSC Young Boys,,false,61,82,63,8,80
Suiza,suiza,Granit Xhaka,granit-xhaka,MEDIOCAMPISTAS,CM,[],Q514427,Granit Xhaka,Swiss footballer (born 1975),matched,1992-09-27,185,Sunderland A.F.C.,,false,56,77,58,3,75
Suiza,suiza,Denis Zakaria,denis-zakaria,MEDIOCAMPISTAS,CM,[],Q21066260,Denis Zakaria,Swiss association football player,matched,1996-11-20,191,AS Monaco FC,,false,63,84,65,10,82
Suiza,suiza,Zeki Amdouni,zeki-amdouni,DELANTEROS,ST,[],Q106882153,Zeki Amdouni,Swiss association football player (born 2000),matched,2000-12-04,175,S.L. Benfica,,false,88,63,31,8,83
Suiza,suiza,Breel Embolo,breel-embolo,DELANTEROS,ST,[],Q15956282,Breel Embolo,Swiss footballer,matched,1997-02-14,185,Stade Rennais F.C.,,false,89,64,32,9,84
Suiza,suiza,Dan Ndoye,dan-ndoye,DELANTEROS,ST,[],Q61439485,Dan Ndoye,Swiss association football player (born 2000),matched,2000-10-25,184,OGC Nice,,false,87,62,30,7,82
Suiza,suiza,Noah Okafor,noah-okafor,DELANTEROS,ST,[],Q55286732,Noah Okafor,Swiss association football player,matched,2000-05-24,185,FC Basel,,false,90,65,33,10,85
Suiza,suiza,Rubén Vargas,ruben-vargas,DELANTEROS,ST,"[""LW"",""RW""]",Q38053896,Ruben Vargas,Swiss association football player,matched,1998-08-05,174,Sevilla FC,,false,88,63,31,8,83
Suiza,suiza,Christian Fassnacht,christian-fassnacht,DELANTEROS,ST,"[""LW"",""RW""]",Q27306208,Christian Fassnacht,Swiss footballer (born 1993),matched,1993-11-11,185,BSC Young Boys,,false,88,63,31,8,83
Suiza,suiza,Cedric Itten,cedric-itten,DELANTEROS,ST,"[""LW"",""RW""]",Q22965497,Cedric Itten,Swiss association football player,matched,1996-12-27,189,Switzerland national under-20 association football team,,false,82,57,25,2,77
Suiza,suiza,Johan Manzambi,johan-manzambi,DELANTEROS,ST,[],Q125376751,Johan Manzambi,Swiss footballer (born 2005),matched,2005-10-14,182,SC Freiburg,,false,85,60,28,5,80
Qatar,qatar,Mahmud Abunada,mahmud-abunada,ARQUEROS,GK,[],Q61911369,Mahmud Abunada,Qatari association football player,matched,2000-02-05,191,Al-Arabi SC,,false,12,22,34,83,76
Qatar,qatar,Meshaal Barsham,meshaal-barsham,ARQUEROS,GK,[],,,,unmatched,,,,,false,9,19,31,80,73
Qatar,qatar,Salah Zakaria,salah-zakaria,ARQUEROS,GK,[],Q95680243,Salah Zakaria,Qatari footballer,matched,1999-04-24,185,Al-Duhail SC,,false,8,18,30,79,72
Qatar,qatar,Ayoub Al Alawi,ayoub-al-alawi,DEFENSORES,CB,"[""LB"",""RB""]",,,,unmatched,,,,,false,32,51,76,1,70
Qatar,qatar,Boualem Khoukhi,boualem-khoukhi,DEFENSORES,CB,"[""LB"",""RB""]",Q3643114,Boualem Khoukhi,Qatari association football player,matched,1990-07-09,183,Al Sadd Sports Club,,false,33,52,77,2,71
Qatar,qatar,Homam El-Amin,homam-el-amin,DEFENSORES,CB,"[""LB"",""RB""]",,,,unmatched,,,,,false,31,50,75,1,69
Qatar,qatar,Lucas Mendes,lucas-mendes,DEFENSORES,CB,[],Q602311,Lucas Mendes,Brazilian and Qatari association football player,matched,1990-07-03,183,Al-Wakrah Sports Club,,false,31,50,75,1,69
Qatar,qatar,Issa Laye,issa-laye,DEFENSORES,CB,"[""LB"",""RB""]",Q137392794,Issa Laye,Qatari footballer (born 1997),matched,1997-12-22,,,,false,33,52,77,2,71
Qatar,qatar,Pedro Miguel,pedro-miguel,DEFENSORES,CB,[],Q3374085,Pedro Miguel,Portuguese association football player,matched,1967-08-23,,C.D. Feirense,,false,31,50,75,1,69
Qatar,qatar,Sultan Al-Brake,sultan-al-brake,DEFENSORES,CB,[],Q27671280,Sultan Al-Brake,association football player,matched,1996-04-07,180,Al-Duhail SC,,false,33,52,77,2,71
Qatar,qatar,Al-Hashmi Al-Hussain,al-hashmi-al-hussain,DEFENSORES,CB,"[""LB"",""RB""]",Q133505943,Al-Hashmi Al-Hussain,footballer,matched,2003-08-15,184,,,false,29,48,73,1,67
Qatar,qatar,Assim Madibo,assim-madibo,MEDIOCAMPISTAS,CM,"[""CDM"",""CAM""]",Q21000530,Assim Madibo,Qatari association football player,matched,1996-10-22,168,Q582342,,false,59,80,61,6,78
Qatar,qatar,Abdulaziz Hatem,abdulaziz-hatem,MEDIOCAMPISTAS,CM,[],Q4665805,Abdulaziz Hatem,Qatari association football player,matched,1990-10-28,179,Al-Rayyan,,false,52,73,54,1,71
Qatar,qatar,Hamdy Fathy,hamdy-fathy,MEDIOCAMPISTAS,CM,"[""CDM"",""CAM""]",,,,unmatched,,,,,false,52,73,54,1,71
Qatar,qatar,Karim Boudiaf,karim-boudiaf,MEDIOCAMPISTAS,CM,"[""CDM"",""CAM""]",Q3812986,Karim Boudiaf,Algerian-Moroccan footballer,matched,1990-09-16,187,Al-Duhail SC,,false,53,74,55,1,72
Qatar,qatar,Jassem Gaber,jassem-gaber,MEDIOCAMPISTAS,CM,"[""CDM"",""CAM""]",Q80809664,Jassem Gaber,Qatari footballer,matched,2002-02-20,183,Al-Arabi SC,,false,55,76,57,2,74
Qatar,qatar,Mohamed Naceur Al-Mannai,mohamed-naceur-al-mannai,MEDIOCAMPISTAS,CM,"[""CDM"",""CAM""]",,,,unmatched,,,,,false,55,76,57,2,74
Qatar,qatar,Ahmed Al Ganehi,ahmed-al-ganehi,DELANTEROS,ST,"[""LW"",""RW""]",Q61983513,Ahmed Al-Ganehi,Qatari footballer,matched,2000-09-22,178,Al-Gharafa SC,,false,82,57,25,2,77
Qatar,qatar,Ahmed Alaaeldin,ahmed-alaaeldin,DELANTEROS,ST,[],Q4695740,Ahmed Alaaeldin,Qatari footballer,matched,1993-01-31,177,Al-Gharafa SC,,false,80,55,23,1,75
Qatar,qatar,Akram Afif,akram-afif,DELANTEROS,ST,[],Q19882804,Akram Afif,Qatari association football player,matched,1996-11-18,177,Al Sadd Sports Club,,false,83,58,26,3,78
Qatar,qatar,Almoez Ali,almoez-ali,DELANTEROS,ST,[],Q21011188,Almoez Ali,Qatari footballer,matched,1996-08-19,184,Al-Duhail SC,,false,83,58,26,3,78
Qatar,qatar,Edmilson Junior,edmilson-junior,DELANTEROS,ST,"[""LW"",""RW""]",Q1957458,Edmilson Junior,Brazilian association football player,matched,1994-08-19,183,Standard Liège,,false,90,65,33,10,85
Qatar,qatar,Hassan Al-Haidos,hassan-al-haidos,DELANTEROS,ST,"[""LW"",""RW""]",Q5679556,Hassan Al Haidos,Qatari footballer,matched,1990-12-11,174,Al Sadd Sports Club,,false,79,54,22,1,74
Qatar,qatar,Mohammed Muntari,mohammed-muntari,DELANTEROS,ST,[],Q18705783,Mohammed Muntari,Qatari footballer,matched,1993-12-20,194,Al-Duhail SC,,false,84,59,27,4,79
Qatar,qatar,Mohamed Surag,mohamed-surag,DELANTEROS,ST,"[""LW"",""RW""]",Q137425857,Mohamed Surag,Qatari footballer (born 2003),matched,2003-04-21,,,,false,80,55,23,1,75
Qatar,qatar,Yousef Abdulrazzaq,yousef-abdulrazzaq,DELANTEROS,ST,"[""LW"",""RW""]",Q64211871,Yusuf Abdurisag,Qatari footballer,matched,1999-08-06,177,Al Sadd Sports Club,,false,83,58,26,3,78
Bosnia,bosnia,Nikola Vasilj,nikola-vasilj,ARQUEROS,GK,[],Q77243490,Nikola Vasilj,Bosnian association football player,matched,1995-12-02,193,FC St. Pauli,,false,9,19,31,80,73
Bosnia,bosnia,Martin Zlomislić,martin-zlomislic,ARQUEROS,GK,[],Q83795769,Martin Zlomislić,Bosnian footballer,matched,1998-08-16,190,HNK Rijeka,,false,13,23,35,84,77
Bosnia,bosnia,Osman Hadžikić,osman-hadzikic,ARQUEROS,GK,[],Q20656130,Osman Hadzikic,Bosnian-Austrian association football player,matched,1996-03-12,183,NK Slaven Belupo,,false,13,23,35,84,77
Bosnia,bosnia,Sead Kolašinac,sead-kolasinac,DEFENSORES,CB,[],Q127914,Sead Kolašinac,Bosnian-German association football player (born 1993),matched,1993-06-20,183,Atalanta BC,,false,37,56,81,6,75
Bosnia,bosnia,Amar Dedić,amar-dedic,DEFENSORES,CB,[],Q65948595,Amar Dedić,Bosnian association football player,matched,2002-08-18,180,S.L. Benfica,,false,37,56,81,6,75
Bosnia,bosnia,Nihad Mujakić,nihad-mujakic,DEFENSORES,CB,[],Q50623645,Nihad Mujakić,Bosnian association football player,matched,1998-04-15,189,FK Partizan,,false,42,61,86,11,80
Bosnia,bosnia,Nikola Katić,nikola-katic,DEFENSORES,CB,[],Q27957334,Nikola Katić,Bosnian association football player (born 1996),matched,1996-10-10,194,Schalke 04,,false,36,55,80,5,74
Bosnia,bosnia,Tarik Muharemović,tarik-muharemovic,DEFENSORES,CB,"[""LB"",""RB""]",Q106620882,Tarik Muharemović,Bosnian association football player,matched,2003-02-28,187,US Sassuolo Calcio,,false,34,53,78,3,72
Bosnia,bosnia,Stjepan Radeljić,stjepan-radeljic,DEFENSORES,CB,"[""LB"",""RB""]",Q56227031,Stjepan Radeljić,Bosnian association football player (born 1997),matched,1997-09-05,189,HNK Rijeka,,false,35,54,79,4,73
Bosnia,bosnia,Dennis Hadžikadunić,dennis-hadzikadunic,DEFENSORES,CB,[],Q27654739,Dennis Hadžikadunić,Bosnian-Swedish association football player,matched,1998-07-09,190,FC Rostov,,false,36,55,80,5,74
Bosnia,bosnia,Nidal Čelik,nidal-celik,DEFENSORES,CB,[],Q131149776,Nidal Čelik,Bosnian footballer,matched,2006-07-17,,R.C. Lens,,false,33,52,77,2,71
Bosnia,bosnia,Amir Hadžiahmetović,amir-hadziahmetovic,DEFENSORES,CB,"[""LB"",""RB""]",Q22833412,Amir Hadžiahmetović,association football player,matched,1997-03-08,179,Beşiktaş J.K. (Football),,false,36,55,80,5,74
Bosnia,bosnia,Ivan Šunjić,ivan-sunjic,MEDIOCAMPISTAS,CM,[],Q19662444,Ivan Šunjić,Croatian association football player,matched,1996-10-09,184,Pafos FC,,false,56,77,58,3,75
Bosnia,bosnia,Ivan Bašić,ivan-basic,MEDIOCAMPISTAS,CM,"[""CDM"",""CAM""]",Q111536418,Ivan Bašić,Bosnian-Croatian association football player,matched,2002-04-30,178,FC Astana,,false,57,78,59,4,76
Bosnia,bosnia,Dženis Burnić,dzenis-burnic,MEDIOCAMPISTAS,CM,[],Q27468610,Dženis Burnić,Bosnian-German association football player,matched,1998-05-22,181,Karlsruher SC,,false,57,78,59,4,76
Bosnia,bosnia,Ermin Mahmić,ermin-mahmic,MEDIOCAMPISTAS,CM,"[""CDM"",""CAM""]",Q123139564,Ermin Mahmić,Bosnia and Herzegovina association football player (born 2005),matched,2005-03-14,182,FC Slovan Liberec,,false,55,76,57,2,74
Bosnia,bosnia,Benjamin Tahirović,benjamin-tahirovic,MEDIOCAMPISTAS,CM,"[""CDM"",""CAM""]",Q115194574,Benjamin Tahirović,Bosnian-Swedish association football player,matched,2003-03-03,193,Brøndby IF,,false,63,84,65,10,82
Bosnia,bosnia,Amar Memić,amar-memic,MEDIOCAMPISTAS,CM,"[""CDM"",""CAM""]",Q124051749,Amar Memić,Bosnian footballer (born 2001),matched,2001-01-20,176,FC Viktoria Plzeň,,false,60,81,62,7,79
Bosnia,bosnia,Armin Gigović,armin-gigovic,MEDIOCAMPISTAS,CM,[],Q70251271,Armin Gigović,Bosnian-Swedish association football player,matched,2002-04-06,187,Landskrona BoIS,,false,57,78,59,4,76
Bosnia,bosnia,Kerim Alajbegović,kerim-alajbegovic,MEDIOCAMPISTAS,CM,"[""CDM"",""CAM""]",Q130741313,Kerim Alajbegović,Bosnia and Herzegovina footballer (born 2007),matched,2007-09-21,178,FC Red Bull Salzburg,,false,57,78,59,4,76
Bosnia,bosnia,Esmir Bajraktarević,esmir-bajraktarevic,MEDIOCAMPISTAS,CM,[],Q108518721,Esmir Bajraktarević,American-Bosnian association football player,matched,2005-03-10,175,PSV Eindhoven,,false,63,84,65,10,82
Bosnia,bosnia,Ermedin Demirović,ermedin-demirovic,DELANTEROS,ST,[],Q47067481,Ermedin Demirović,Bosnian-German association football player,matched,1998-03-25,185,Hamburger SV,,false,85,60,28,5,80
Bosnia,bosnia,Jovo Lukić,jovo-lukic,DELANTEROS,ST,[],Q96182876,Jovo Lukić,Bosnian association football player,matched,1998-11-28,190,FC Universitatea Cluj,,false,87,62,30,7,82
Bosnia,bosnia,Samed Baždar,samed-bazdar,DELANTEROS,ST,"[""LW"",""RW""]",Q107284545,Samed Baždar,Bosnian association football player,matched,2004-01-31,186,Real Zaragoza,,false,84,59,27,4,79
Bosnia,bosnia,Haris Tabaković,haris-tabakovic,DELANTEROS,ST,[],Q15257381,Haris Tabaković,Bosnian-Swiss association football player,matched,1994-06-20,194,TSG 1899 Hoffenheim,,false,87,62,30,7,82
Bosnia,bosnia,Edin Džeko,edin-dzeko,DELANTEROS,ST,[],Q153786,Edin Džeko,Bosnian association football player,matched,1986-03-17,193,Schalke 04,,false,80,55,23,1,75
Brasil,brasil,Alisson,alisson,ARQUEROS,GK,[],Q4727251,Alisson,"Brazilian association football player, born 1993",matched,1993-06-25,174,Grêmio FBPA,,false,8,18,30,79,72
Brasil,brasil,Weverton,weverton,ARQUEROS,GK,[],Q124372799,Weverton,Brazilian footballer,matched,1993-08-25,,,,false,5,15,27,76,69
Brasil,brasil,Ederson,ederson,ARQUEROS,GK,[],Q14628966,Éderson Alves Ribeiro Silva,Brazilian association football player,matched,1989-03-13,171,Kashiwa Reysol,,false,9,19,31,80,73
Brasil,brasil,Marquinhos,marquinhos,DEFENSORES,CB,[],Q39230,Marquinhos,Brazilian association football player (born 1994),matched,1994-05-14,183,Paris Saint-Germain FC,,false,43,62,87,12,81
Brasil,brasil,Danilo Luiz,danilo-luiz,DEFENSORES,CB,[],Q437329,Danilo,Brazilian association football player (born 1991),matched,1991-07-15,184,Clube de Regatas do Flamengo,,false,32,51,76,1,70
Brasil,brasil,Alex Sandro,alex-sandro,DEFENSORES,CB,[],Q551192,Alex Sandro,Brazilian footballer (born 1991),matched,1991-01-26,180,Clube de Regatas do Flamengo,,false,30,49,74,1,68
Brasil,brasil,Roger Ibáñez,roger-ibanez,DEFENSORES,CB,[],Q55363875,Roger Ibañez,Brazilian footballer (born 1998),matched,1998-11-23,187,Club Sportivo Sergipe,,false,36,55,80,5,74
Brasil,brasil,Gabriel Magalhaes,gabriel-magalhaes,DEFENSORES,CB,[],Q25175970,Gabriel Magalhães,Brazilian footballer (born 1997),matched,1997-12-19,190,Arsenal F.C.,,false,43,62,87,12,81
Brasil,brasil,Bremer,bremer,DEFENSORES,CB,"[""LB"",""RB""]",,,,unmatched,,,,,false,32,51,76,1,70
Brasil,brasil,Wesley,wesley,DEFENSORES,CB,"[""LB"",""RB""]",Q108265925,Wesley,Brazilian footballer (born 2000),matched,2000-03-05,,,,false,30,49,74,1,68
Brasil,brasil,Douglas Santos,douglas-santos,DEFENSORES,CB,[],Q10268484,Douglas Santos,Brazilian footballer (born 1994),matched,1994-03-22,173,FC Zenit Saint Petersburg,,false,34,53,78,3,72
Brasil,brasil,Léo Pereira,leo-pereira,DEFENSORES,CB,[],Q18199184,Léo Pereira,Brazilian footballer,matched,1996-01-31,186,Club Athletico Paranaense,,false,31,50,75,1,69
Brasil,brasil,Casemiro,casemiro,MEDIOCAMPISTAS,CM,[],Q616664,Casemiro,Brazilian association football player,matched,1992-02-23,188,Brazil men's national football team,,false,58,79,60,5,77
Brasil,brasil,Lucas Paquetá,lucas-paqueta,MEDIOCAMPISTAS,CM,[],Q30089624,Lucas Paquetá,Brazilian association football player,matched,1997-08-27,180,Clube de Regatas do Flamengo,,false,58,79,60,5,77
Brasil,brasil,Bruno Guimaraes,bruno-guimaraes,MEDIOCAMPISTAS,CM,[],Q58323172,Bruno Guimarães,Brazilian footballer (born 1997),matched,1997-11-16,182,Newcastle United F.C.,,false,61,82,63,8,80
Brasil,brasil,Fabinho,fabinho,MEDIOCAMPISTAS,CDM,[],Q641425,Fabinho,Brazilian association football player (born 1995),matched,1993-10-23,188,Al Ittihad FC,,false,45,74,66,2,73
Brasil,brasil,Danilo Santos,danilo-santos,MEDIOCAMPISTAS,CM,"[""CDM"",""CAM""]",,,,unmatched,,,,,false,51,72,53,1,70
Brasil,brasil,Neymar Júnior,neymar-junior,DELANTEROS,ST,"[""LW"",""RW""]",Q142794,Neymar,Brazilian association football player,matched,1992-02-05,175,Santos F.C.,,false,81,56,24,1,76
Brasil,brasil,Vinicius Junior,vinicius-junior,DELANTEROS,ST,[],Q28973866,Vinícius Júnior,Brazilian association football player (born 2000),matched,2000-07-12,176,Real Madrid Club de Fútbol,,false,92,67,35,12,87
Brasil,brasil,Raphinha,raphinha,DELANTEROS,ST,[],Q28861547,Raphinha,Brazilian association football player,matched,1996-12-14,177,Fc Barcelona,,false,92,67,35,12,87
Brasil,brasil,Gabriel Martinelli,gabriel-martinelli,DELANTEROS,ST,[],Q61460651,Gabriel Martinelli,Brazilian footballer (born 2001),matched,2001-06-18,180,Arsenal F.C.,,false,95,70,38,15,90
Brasil,brasil,Matheus Cunha,matheus-cunha,DELANTEROS,ST,"[""LW"",""RW""]",Q35831063,Matheus Cunha,Brazilian association football player (born 1999),matched,1999-05-27,184,Manchester United F.C.,,false,93,68,36,13,88
Brasil,brasil,Endrick,endrick,DELANTEROS,ST,[],Q110644260,Endrick,Brazilian footballer (born 2006),matched,2006-07-21,173,Real Madrid Club de Fútbol,,false,90,65,33,10,85
Brasil,brasil,Luiz Henrique,luiz-henrique,DELANTEROS,ST,[],Q101764291,Luiz Henrique,Brazilian footballer (born 2001),matched,2001-01-02,182,FC Zenit Saint Petersburg,,false,85,60,28,5,80
Brasil,brasil,Rayan,rayan,DELANTEROS,ST,"[""RW""]",Q115937989,Rayan,Brazilian football player,matched,2006-08-03,185,CR Vasco da Gama,,false,82,57,25,2,77
Brasil,brasil,Igor Thiago,igor-thiago,DELANTEROS,ST,[],Q83639138,Igor Thiago,Brazilian footballer (born 2001),matched,2001-06-26,193,Brentford F.C.,,false,87,62,30,7,82
Marruecos,marruecos,Yassine Bounou,yassine-bounou,ARQUEROS,GK,[],Q3571952,Yassine Bounou,Moroccan football player,matched,1991-04-05,195,Al Hilal SFC,,false,7,17,29,78,71
Marruecos,marruecos,Munir El Kajoui,munir-el-kajoui,ARQUEROS,GK,[],Q18062338,Munir Mohand Mohamedi,Moroccan footballer,matched,1989-05-10,192,Al Wehda FC,,false,7,17,29,78,71
Marruecos,marruecos,Ajmed Reda Tagnaouti,ajmed-reda-tagnaouti,ARQUEROS,GK,[],,,,unmatched,,,,,false,6,16,28,77,70
Marruecos,marruecos,Achraf Hakimi,achraf-hakimi,DEFENSORES,CB,[],Q26932598,Achraf Hakimi,Moroccan association football player,matched,1998-11-04,180,Paris Saint-Germain FC,,false,46,65,90,15,84
Marruecos,marruecos,Nayef Aguerd,nayef-aguerd,DEFENSORES,CB,[],Q28872567,Nayef Aguerd,Moroccan association football player,matched,1996-03-30,190,West Ham United F.C.,,false,38,57,82,7,76
Marruecos,marruecos,Noussair Mazraoui,noussair-mazraoui,DEFENSORES,CB,[],Q26266244,Noussair Mazraoui,Dutch-Moroccan associatiion footballer,matched,1997-11-14,183,AFC Ajax,,false,40,59,84,9,78
Marruecos,marruecos,Anass Salah-Eddine,anass-salah-eddine,DEFENSORES,CB,[],Q65131685,Anass Salah-Eddine,Dutch association football player (born 2002),matched,2002-01-18,181,AFC Ajax,,false,38,57,82,7,76
Marruecos,marruecos,Chadi Riad,chadi-riad,DEFENSORES,CB,[],Q104784108,Chadi Riad,Moroccan association football player (born 2003),matched,2003-06-17,186,Fc Barcelona,,false,43,62,87,12,81
Marruecos,marruecos,Youssef Belammari,youssef-belammari,DEFENSORES,CB,[],Q110964329,Youssef Belammari,Moroccan professional footballer,matched,1998-09-20,180,,,false,32,51,76,1,70
Marruecos,marruecos,Issa Diop,issa-diop,DEFENSORES,CB,[],Q21621180,Issa Diop,Moroccan-French footballer (born 1997),matched,1997-01-09,194,Fulham F.C.,,false,37,56,81,6,75
Marruecos,marruecos,Redouane Hahlal,redouane-hahlal,DEFENSORES,CB,"[""LB"",""RB""]",,,,unmatched,,,,,false,33,52,77,2,71
Marruecos,marruecos,Zakaria El Ouahdi,zakaria-el-ouahdi,DEFENSORES,CB,"[""LB"",""RB""]",Q108156269,Zakaria El Ouahdi,Moroccan soccer player,matched,2001-12-31,175,K.R.C. Genk,,false,39,58,83,8,77
Marruecos,marruecos,Sofyan Amrabat,sofyan-amrabat,MEDIOCAMPISTAS,CM,[],Q18428483,Sofyan Amrabat,Moroccan-Dutch association football player (born 1996),matched,1996-08-21,183,Fenerbahçe Istanbul,,false,55,76,57,2,74
Marruecos,marruecos,Ismael Saibari,ismael-saibari,MEDIOCAMPISTAS,CM,[],Q98784065,Ismael Saibari,Moroccan footballer (born 2001),matched,2001-01-28,185,PSV Eindhoven,,false,60,81,62,7,79
Marruecos,marruecos,Neil El Aynaoui,neil-el-aynaoui,MEDIOCAMPISTAS,CM,"[""CDM"",""CAM""]",Q107745867,Neil El Aynaoui,Morroco international footballer (born 2001),matched,2001-07-02,185,,,false,53,74,55,1,72
Marruecos,marruecos,Bilal El Khannouss,bilal-el-khannouss,MEDIOCAMPISTAS,CAM,[],Q105955374,Bilal El Khannouss,association football player (born 2004),matched,2004-05-10,180,Leicester City F.C.,,false,72,81,40,4,77
Marruecos,marruecos,Azzedine Ounahi,azzedine-ounahi,MEDIOCAMPISTAS,CM,[],Q108109586,Azzedine Ounahi,Moroccan association football player,matched,2000-04-19,182,,,false,52,73,54,1,71
Marruecos,marruecos,Ayyoub Bouaddi,ayyoub-bouaddi,MEDIOCAMPISTAS,CM,"[""CDM"",""CAM""]",Q122971833,Ayyoub Bouaddi,Moroccan association football player (born 2007),matched,2007-10-02,185,Lille OSC,,false,56,77,58,3,75
Marruecos,marruecos,Samir El Mourabet,samir-el-mourabet,MEDIOCAMPISTAS,CM,[],Q135616172,Samir El Mourabet,Moroccan association football player,matched,2005-10-06,168,,,false,52,73,54,1,71
Marruecos,marruecos,Brahim Díaz,brahim-diaz,DELANTEROS,ST,"[""LW"",""RW""]",Q26973015,Brahim Díaz,Moroccan association football player,matched,1999-08-03,170,Real Madrid Club de Fútbol,,false,92,67,35,12,87
Marruecos,marruecos,Chemsdine Talbi,chemsdine-talbi,DELANTEROS,ST,"[""LW"",""RW""]",Q113510254,Chemsdine Talbi,Belgian footballer,matched,2005-05-09,175,Club Brugge K.V.,,false,85,60,28,5,80
Marruecos,marruecos,Ayoub El Kaabi,ayoub-el-kaabi,DELANTEROS,ST,[],Q42948040,Ayoub El Kaabi,Moroccan footballer (born 1993),matched,1993-06-25,182,Racing de Casablanca,,false,86,61,29,6,81
Marruecos,marruecos,Soufiane Rahimi,soufiane-rahimi,DELANTEROS,ST,[],Q56247602,Soufiane Rahimi,Moroccan footballer,matched,1996-06-02,180,Al Ain FC,,false,83,58,26,3,78
Marruecos,marruecos,Abde Ezzalzouli,abde-ezzalzouli,DELANTEROS,ST,"[""LW"",""RW""]",Q109327842,Abde Ezzalzouli,Moroccan association football player,matched,2001-12-17,178,Real Betis Balompié,,false,88,63,31,8,83
Marruecos,marruecos,Ayoube Amaimouni,ayoube-amaimouni,DELANTEROS,ST,"[""LW"",""RW""]",Q137705019,Ayoube Amaimouni-Echghouyab,Moroccan-Spanish football player,matched,2004-11-30,,Eintracht Frankfurt,,false,90,65,33,10,85
Marruecos,marruecos,Yassine Gessime,yassine-gessime,DELANTEROS,ST,"[""LW"",""RW""]",,,,unmatched,,,,,false,81,56,24,1,76
Escocia,escocia,Craig Gordon,craig-gordon,ARQUEROS,GK,[],Q177331,Craig Gordon,Scottish association football player (born 1982),matched,1982-12-31,193,Celtic F.C.,,false,12,22,34,83,76
Escocia,escocia,Angus Gunn,angus-gunn,ARQUEROS,GK,[],Q20807705,Angus Gunn,Scottish-English association football player,matched,1996-01-22,196,Manchester City F.C.,,false,19,29,41,90,83
Escocia,escocia,Liam Kelly,liam-kelly,ARQUEROS,GK,[],Q27448075,Liam Kelly,Scottish association football player (born 1996),matched,1996-01-23,189,Rangers F.C.,,false,15,25,37,86,79
Escocia,escocia,Grant Hanley,grant-hanley,DEFENSORES,CB,[],Q1362064,Grant Hanley,Scottish association football player (born 1991),matched,1991-11-20,188,Queen of the South F.C.,,false,34,53,78,3,72
Escocia,escocia,Jack Hendry,jack-hendry,DEFENSORES,CB,[],Q20027858,Jack Hendry,Scottish association football player (born 1995),matched,1995-05-07,188,Wigan Athletic F.C.,,false,33,52,77,2,71
Escocia,escocia,Aaron Hickey,aaron-hickey,DEFENSORES,CB,"[""LB"",""RB""]",Q64010525,Aaron Hickey,Scottish association football player,matched,2002-06-10,185,Heart of Midlothian F.C.,,false,36,55,80,5,74
Escocia,escocia,Dominic Hyam,dominic-hyam,DEFENSORES,CB,[],Q23007824,Dominic Hyam,Scottish footballer (born 1995),matched,1995-12-20,188,Wrexham A.F.C.,,false,35,54,79,4,73
Escocia,escocia,Scott McKenna,scott-mckenna,DEFENSORES,CB,[],Q24084667,Scott McKenna,Scottish association football player (born 1996),matched,1996-11-12,189,Ayr United F.C.,,false,33,52,77,2,71
Escocia,escocia,Nathan Patterson,nathan-patterson,DEFENSORES,CB,[],Q83264648,Nathan Patterson,Scottish association football player (born 2001),matched,2001-10-16,183,Rangers F.C.,,false,39,58,83,8,77
Escocia,escocia,Anthony Ralston,anthony-ralston,DEFENSORES,CB,[],Q24073962,Anthony Ralston,Scottish association football player (born 1998),matched,1998-11-16,183,Celtic F.C.,,false,39,58,83,8,77
Escocia,escocia,Andy Robertson,andy-robertson,DEFENSORES,CB,[],Q15915040,Andy Robertson,Scottish association football player,matched,1994-03-11,178,Liverpool F.C.,,false,45,64,89,14,83
Escocia,escocia,John Souttar,john-souttar,DEFENSORES,CB,[],Q3238952,John Souttar,Scottish association football player (born 1996),matched,1996-09-25,186,Heart of Midlothian F.C.,,false,36,55,80,5,74
Escocia,escocia,Kieran Tierney,kieran-tierney,DEFENSORES,CB,[],Q19888012,Kieran Tierney,Scottish association football player (born 1997),matched,1997-06-05,178,Arsenal F.C.,,false,44,63,88,13,82
Escocia,escocia,Ryan Christie,ryan-christie,MEDIOCAMPISTAS,CM,[],Q16236700,Ryan Christie,Scottish association football player (born 1995),matched,1995-02-22,178,Celtic F.C.,,false,63,84,65,10,82
Escocia,escocia,Findlay Curtis,findlay-curtis,MEDIOCAMPISTAS,CM,"[""CDM"",""CAM""]",Q131863254,Findlay Curtis,Scottish footballer (born 2006),matched,2006-06-09,,,,false,51,72,53,1,70
Escocia,escocia,Lewis Ferguson,lewis-ferguson,MEDIOCAMPISTAS,CM,[],Q47467341,Lewis Ferguson,Scottish association football player (born 1999),matched,1999-08-24,181,Rangers F.C.,,false,63,84,65,10,82
Escocia,escocia,Ben Gannon-Doak,ben-gannon-doak,MEDIOCAMPISTAS,CM,"[""CDM"",""CAM""]",Q110739094,Ben Doak,Scottish association football player,matched,2005-11-11,173,AFC Bournemouth,,false,57,78,59,4,76
Escocia,escocia,Billy Gilmour,billy-gilmour,MEDIOCAMPISTAS,CM,[],Q42847487,Billy Gilmour,Scottish association football player,matched,2001-06-11,170,Chelsea F.C.,,false,66,87,68,13,85
Escocia,escocia,John McGinn,john-mcginn,MEDIOCAMPISTAS,CM,[],Q10547335,John McGinn,Scottish association football player (born 1994),matched,1994-10-18,178,Aston Villa F.C.,,false,63,84,65,10,82
Escocia,escocia,Kenny McLean,kenny-mclean,MEDIOCAMPISTAS,CM,[],Q6391158,Kenny McLean,Scottish association football player (born 1992),matched,1992-01-08,183,Scotland men's national football team,,false,55,76,57,2,74
Escocia,escocia,Scott McTominay,scott-mctominay,MEDIOCAMPISTAS,CM,[],Q29624459,Scott McTominay,Scottish association football player (born 1996),matched,1996-12-08,190,SSC Napoli,,false,61,82,63,8,80
Escocia,escocia,Che Adams,che-adams,DELANTEROS,ST,[],Q18683792,Ché Adams,Scottish-English footballer (born 1996),matched,1996-07-13,175,Birmingham City F.C.,,false,83,58,26,3,78
Escocia,escocia,Lyndon Dykes,lyndon-dykes,DELANTEROS,ST,[],Q26405109,Lyndon Dykes,Scotland association football player (born 1995),matched,1995-10-07,188,Queens Park Rangers F.C.,,false,84,59,27,4,79
Escocia,escocia,George Hirst,george-hirst,DELANTEROS,ST,[],Q27914873,George Hirst,Scottish association football player (born 1999),matched,1999-02-15,191,Sheffield Wednesday F.C.,,false,84,59,27,4,79
Escocia,escocia,Lawrence Shankland,lawrence-shankland,DELANTEROS,ST,[],Q18331623,Lawrence Shankland,Scottish association football player (born 1995),matched,1995-08-10,185,St. Mirren F.C.,,false,82,57,25,2,77
Escocia,escocia,Ross Stewart,ross-stewart,DELANTEROS,ST,[],Q47126518,Ross Stewart,Scottish association football player,matched,1996-09-01,188,St. Mirren F.C.,,false,86,61,29,6,81
Haití,haiti,Johnny Placide,johnny-placide,ARQUEROS,GK,[],Q2749342,Johnny Placide,Haitian footballer,matched,1988-01-29,181,Haiti men's national football team,,false,9,19,31,80,73
Haití,haiti,Alezandre Pierre,alezandre-pierre,ARQUEROS,GK,[],,,,unmatched,,,,,false,9,19,31,80,73
Haití,haiti,Josué Duverger,josue-duverger,ARQUEROS,GK,[],Q42926090,Josué Duverger,association football player,matched,2000-04-27,,Vitória F.C.,,false,18,28,40,89,82
Haití,haiti,Carlens Arcus,carlens-arcus,DEFENSORES,CB,[],Q20740578,Carlens Arcus,Haitian footballer,matched,1996-06-28,180,ES Troyes AC,,false,33,52,77,2,71
Haití,haiti,Wilguens Pauguain,wilguens-pauguain,DEFENSORES,CB,"[""LB"",""RB""]",,,,unmatched,,,,,false,32,51,76,1,70
Haití,haiti,Duke Lacroix,duke-lacroix,DEFENSORES,CB,[],Q21621771,Duke Lacroix,professional footballer,matched,1993-10-14,,Indy Eleven,,false,34,53,78,3,72
Haití,haiti,Martin Experience,martin-experience,DEFENSORES,CB,[],Q107426681,Martin Experiénce,Haitian footballer,matched,1998-03-09,178,,,false,33,52,77,2,71
Haití,haiti,Jean-Kévin Duverne,jean-kevin-duverne,DEFENSORES,CB,[],Q26251605,Jean-Kévin Duverne,French-Haitian association football player,matched,1997-07-12,184,R.C. Lens,,false,34,53,78,3,72
Haití,haiti,Ricardo Adé,ricardo-ade,DEFENSORES,CB,"[""LB"",""RB""]",Q28801770,Ricardo Adé,association football player,matched,1990-05-21,190,Club Deportivo Magallanes,,false,34,53,78,3,72
Haití,haiti,Hannes Delcroix,hannes-delcroix,DEFENSORES,CB,[],Q56011432,Hannes Delcroix,Haitian association football player (born 1999),matched,1999-02-28,185,R.S.C. Anderlecht,,false,38,57,82,7,76
Haití,haiti,Keeto Thermoncy,keeto-thermoncy,DEFENSORES,CB,"[""LB"",""RB""]",Q136466749,Keeto Thermoncy,footballer,matched,2006-03-29,,,,false,29,48,73,1,67
Haití,haiti,Leverton Pierre,leverton-pierre,MEDIOCAMPISTAS,CM,"[""CDM"",""CAM""]",Q49004376,Leverton Pierre,association football player,matched,1998-03-09,181,A.C. Ajaccio,,false,56,77,58,3,75
Haití,haiti,Carls-Fred Sainthe,carls-fred-sainthe,MEDIOCAMPISTAS,CM,"[""CDM"",""CAM""]",,,,unmatched,,,,,false,52,73,54,1,71
Haití,haiti,Jean-Jaques Danley,jean-jaques-danley,MEDIOCAMPISTAS,CM,"[""CDM"",""CAM""]",,,,unmatched,,,,,false,52,73,54,1,71
Haití,haiti,Jean-Ricner Bellegarde,jean-ricner-bellegarde,MEDIOCAMPISTAS,CM,[],Q26251607,Jean-Ricner Bellegarde,French footballer (born 1998),matched,1998-06-27,172,R.C. Lens,,false,58,79,60,5,77
Haití,haiti,Pierre Woodenski,pierre-woodenski,MEDIOCAMPISTAS,CM,"[""CDM"",""CAM""]",,,,unmatched,,,,,false,51,72,53,1,70
Haití,haiti,Dominique Simon,dominique-simon,MEDIOCAMPISTAS,CM,"[""CDM"",""CAM""]",Q124392516,Dominique Simon,French association football player,matched,2000-07-29,,,,false,53,74,55,1,72
Haití,haiti,Louicius Don Deedson,louicius-don-deedson,DELANTEROS,ST,[],Q72697581,Louicius Don Deedson,Haitian footballer,matched,2001-02-11,178,Hobro IK,,false,87,62,30,7,82
Haití,haiti,Ruben Providence,ruben-providence,DELANTEROS,ST,"[""LW"",""RW""]",Q114355328,Ruben Providence,French footballer (born 2001),matched,2001-07-07,178,,,false,80,55,23,1,75
Haití,haiti,Josué Casimir,josue-casimir,DELANTEROS,ST,"[""LW"",""RW""]",Q100792937,Josué Casimir,Guadeloupean footballer,matched,2001-09-24,178,,,false,80,55,23,1,75
Haití,haiti,Derrick Etienne,derrick-etienne,DELANTEROS,ST,[],Q27831068,Derrick Etienne,Haitian footballer (born 1974),matched,1974-08-11,,Long Island Rough Riders,,false,81,56,24,1,76
Haití,haiti,Wilson Isidor,wilson-isidor,DELANTEROS,ST,[],Q58484930,Wilson Isidor,French association football player,matched,2000-08-27,186,AS Monaco FC,,false,91,66,34,11,86
Haití,haiti,Duckens Nazon,duckens-nazon,DELANTEROS,ST,[],Q16916422,Duckens Nazon,Haitian and French footballer,matched,1994-04-07,181,Stade Lavallois,,false,83,58,26,3,78
Haití,haiti,Frantzdy Pierrot,frantzdy-pierrot,DELANTEROS,ST,[],Q55820193,Frantzdy Pierrot,Haitian association footballer,matched,1995-03-29,194,AEK Athens F.C.,,false,83,58,26,3,78
Haití,haiti,Yassin Fortune,yassin-fortune,DELANTEROS,ST,"[""LW"",""RW""]",Q23772079,Yassin Fortuné,French association football player,matched,1999-01-30,184,FC Sion,,false,83,58,26,3,78
Haití,haiti,Lenny Joseph,lenny-joseph,DELANTEROS,ST,"[""LW"",""RW""]",Q108000394,Lenny Joseph,Haitian footballer,matched,2000-10-12,183,,,false,83,58,26,3,78
Estados Unidos,estados-unidos,Chris Brady,chris-brady,ARQUEROS,GK,[],Q98594864,Chris Brady,American soccer player,matched,2004-03-03,190,Chicago Fire FC,,false,11,21,33,82,75
Estados Unidos,estados-unidos,Matt Freese,matt-freese,ARQUEROS,GK,[],Q62036070,Matt Freese,American soccer player,matched,1998-09-02,193,New York City FC,,false,8,18,30,79,72
Estados Unidos,estados-unidos,Matt Turner,matt-turner,ARQUEROS,GK,[],,,,unmatched,,,,,false,6,16,28,77,70
Estados Unidos,estados-unidos,Max Arfsten,max-arfsten,DEFENSORES,CB,"[""LB"",""RB""]",Q117309867,Maximilian Arfsten,American soccer player,matched,2001-04-19,185,UC Davis Aggies men's soccer,,false,34,53,78,3,72
Estados Unidos,estados-unidos,Sergino Dest,sergino-dest,DEFENSORES,CB,[],Q57456989,Sergiño Dest,American-Dutch soccer player,matched,2000-11-03,175,PSV Eindhoven,,false,41,60,85,10,79
Estados Unidos,estados-unidos,Alex Freeman,alex-freeman,DEFENSORES,CB,"[""LB"",""RB""]",Q2832940,Alex Freeman,Liberian association football player,matched,1970-01-03,,,,false,29,48,73,1,67
Estados Unidos,estados-unidos,Mark McKenzie,mark-mckenzie,DEFENSORES,CB,"[""LB"",""RB""]",Q100560610,Mark McKenzie,Scottish footballer,matched,2000-08-17,,,,false,30,49,74,1,68
Estados Unidos,estados-unidos,Tim Ream,tim-ream,DEFENSORES,CB,[],Q716113,Tim Ream,American soccer player,matched,1987-10-05,186,Fulham F.C.,,false,38,57,82,7,76
Estados Unidos,estados-unidos,Chris Richards,chris-richards,DEFENSORES,CB,[],Q60839691,Chris Richards,American soccer player,matched,2000-03-28,188,FC Bayern Munich II,,false,38,57,82,7,76
Estados Unidos,estados-unidos,Antonee Robinson,antonee-robinson,DEFENSORES,CB,[],Q35778151,Antonee Robinson,American-English soccer player,matched,1997-08-08,183,Everton F.C.,,false,40,59,84,9,78
Estados Unidos,estados-unidos,Miles Robinson,miles-robinson,DEFENSORES,CB,[],Q30122953,Miles Robinson,American soccer player,matched,1997-03-14,188,FC Cincinnati,,false,35,54,79,4,73
Estados Unidos,estados-unidos,Joe Scally,joe-scally,DEFENSORES,CB,[],Q54861644,Joe Scally,American soccer player,matched,2002-12-31,184,Borussia Mönchengladbach,,false,37,56,81,6,75
Estados Unidos,estados-unidos,Auston Trusty,auston-trusty,DEFENSORES,CB,[],Q24007335,Auston Trusty,American soccer player,matched,1998-08-12,191,Colorado Rapids,,false,34,53,78,3,72
Estados Unidos,estados-unidos,Brenden Aaronson,brenden-aaronson,MEDIOCAMPISTAS,CM,[],Q33129609,Brenden Aaronson,American soccer player,matched,2000-10-22,178,Philadelphia Union,,false,54,75,56,1,73
Estados Unidos,estados-unidos,Tyler Adams,tyler-adams,MEDIOCAMPISTAS,CM,[],Q19871581,Tyler Adams,American soccer player (born 1999),matched,1999-02-14,175,Red Bull New York II,,false,58,79,60,5,77
Estados Unidos,estados-unidos,Sebastian Berhalter,sebastian-berhalter,MEDIOCAMPISTAS,CM,[],Q86301356,Sebastian Berhalter,American soccer player,matched,2001-05-10,175,Columbus Crew,,false,54,75,56,1,73
Estados Unidos,estados-unidos,Weston McKennie,weston-mckennie,MEDIOCAMPISTAS,CM,[],Q29998966,Weston McKennie,American soccer player (born 1998),matched,1998-08-28,185,Juventus FC,,false,59,80,61,6,78
Estados Unidos,estados-unidos,Gio Reyna,gio-reyna,MEDIOCAMPISTAS,CM,[],Q75019636,Giovanni Reyna,American soccer player,matched,2002-11-13,185,Borussia Mönchengladbach,,false,59,80,61,6,78
Estados Unidos,estados-unidos,Cristian Roldan,cristian-roldan,MEDIOCAMPISTAS,CM,[],Q19519224,Cristian Roldan,American soccer player,matched,1995-06-03,173,Seattle Sounders FC,,false,56,77,58,3,75
Estados Unidos,estados-unidos,Malik Tillman,malik-tillman,MEDIOCAMPISTAS,CM,"[""CDM"",""CAM""]",Q96391665,Malik Tillman,German-American soccer player,matched,2002-05-28,187,Bayer 04 Leverkusen,,false,67,88,69,14,86
Estados Unidos,estados-unidos,Tim Weah,tim-weah,MEDIOCAMPISTAS,CM,"[""CDM"",""CAM""]",Q31871265,Timothy Weah,American soccer player,matched,2000-02-22,183,Juventus FC,,false,59,80,61,6,78
Estados Unidos,estados-unidos,Folarin Balogun,folarin-balogun,DELANTEROS,ST,[],Q101035007,Folarin Balogun,American soccer player,matched,2001-07-03,178,AS Monaco FC,,false,90,65,33,10,85
Estados Unidos,estados-unidos,Ricardo Pepi,ricardo-pepi,DELANTEROS,ST,[],Q62597239,Ricardo Pepi,American soccer player,matched,2003-01-09,185,FC Dallas,,false,81,56,24,1,76
Estados Unidos,estados-unidos,Christian Pulisic,christian-pulisic,DELANTEROS,ST,"[""LW"",""RW""]",Q22279773,Christian Pulisic,American soccer player (born 1998),matched,1998-09-18,177,AC Milan,,false,94,69,37,14,89
Estados Unidos,estados-unidos,Haji Wright,haji-wright,DELANTEROS,ST,[],Q19787021,Haji Wright,American soccer player (born 1998),matched,1998-03-27,191,Sønderjyske Fodbold,,false,87,62,30,7,82
Estados Unidos,estados-unidos,Alejandro Zendejas,alejandro-zendejas,DELANTEROS,ST,"[""LW"",""RW""]",Q19972593,Alejandro Zendejas,American soccer player,matched,1998-02-07,170,,,false,81,56,24,1,76
Australia,australia,Patrick Beach,patrick-beach,ARQUEROS,GK,[],Q126284601,Patrick Beach,Australian soccer player (born 2003),matched,2003-08-06,,Melbourne City FC,,false,11,21,33,82,75
Australia,australia,Paul Izzo,paul-izzo,ARQUEROS,GK,[],Q7151477,Paul Izzo,Australian association football player,matched,1995-01-06,184,Central Coast Mariners FC,,false,10,20,32,81,74
Australia,australia,Mathew Ryan,mathew-ryan,ARQUEROS,GK,[],Q1587689,Mathew Ryan,Australian association football player,matched,1992-04-08,184,Levante UD,,false,12,22,34,83,76
Australia,australia,Aziz Behich,aziz-behich,DEFENSORES,CB,[],Q2947963,Aziz Behich,Australian footballer (born 1990),matched,1990-12-16,172,Australia men's national soccer team,,false,34,53,78,3,72
Australia,australia,Jordon Bos,jordon-bos,DEFENSORES,CB,"[""LB"",""RB""]",,,,unmatched,,,,,false,33,52,77,2,71
Australia,australia,Cameron Burgess,cameron-burgess,DEFENSORES,CB,[],Q17496350,Cameron Burgess,Australian-Scottish association football player (born 1995),matched,1995-10-21,194,Fulham F.C.,,false,37,56,81,6,75
Australia,australia,Alessandro Circati,alessandro-circati,DEFENSORES,CB,"[""LB"",""RB""]",Q111020508,Alessandro Circati,Australian soccer player,matched,2003-10-10,190,,,false,29,48,73,1,67
Australia,australia,Milos Degenek,milos-degenek,DEFENSORES,CB,[],Q14309492,Miloš Degenek,Australian association football player,matched,1994-04-28,187,VfB Stuttgart,,false,37,56,81,6,75
Australia,australia,Jason Geria,jason-geria,DEFENSORES,CB,[],Q10556049,Jason Geria,Australian association football player,matched,1993-05-10,184,Brisbane Roar FC,,false,35,54,79,4,73
Australia,australia,Lucas Herrington,lucas-herrington,DEFENSORES,CB,[],Q133105064,Lucas Herrington,Australian soccer player,matched,2007-09-05,,Colorado Rapids,,false,29,48,73,1,67
Australia,australia,Jacob Italiano,jacob-italiano,DEFENSORES,CB,"[""LB"",""RB""]",Q43303848,Jacob Italiano,Australian footballer (born 2001),matched,2001-07-30,177,Perth Glory FC,,false,35,54,79,4,73
Australia,australia,Harry Souttar,harry-souttar,DEFENSORES,CB,[],Q24084205,Harry Souttar,Australian-Scottish association football player,matched,1998-10-22,198,Leicester City F.C.,,false,38,57,82,7,76
Australia,australia,Kai Trewin,kai-trewin,DEFENSORES,CB,"[""LB"",""RB""]",Q87400019,Kai Trewin,Australian soccer player (born 2001),matched,2001-05-18,178,New York City FC,,false,32,51,76,1,70
Australia,australia,Cameron Devlin,cameron-devlin,MEDIOCAMPISTAS,CM,[],Q57017726,Cameron Devlin,Australian association football player,matched,1999-01-01,170,Sydney FC,,false,54,75,56,1,73
Australia,australia,Ajdin Hrustic,ajdin-hrustic,MEDIOCAMPISTAS,CM,[],Q29109911,Ajdin Hrustic,Australian soccer player (born 1996),matched,1996-07-05,183,Nottingham Forest F.C.,,false,63,84,65,10,82
Australia,australia,Jackson Irvine,jackson-irvine,MEDIOCAMPISTAS,CM,[],Q10544594,Jackson Irvine,Australian association football player,matched,1993-03-07,179,FC St. Pauli,,false,55,76,57,2,74
Australia,australia,Connor Metcalfe,connor-metcalfe,MEDIOCAMPISTAS,CM,"[""CDM"",""CAM""]",Q51213832,Connor Metcalfe,Australian soccer player (born 1999),matched,1999-11-05,183,FC St. Pauli,,false,58,79,60,5,77
Australia,australia,Paul Okon-Engstler,paul-okon-engstler,MEDIOCAMPISTAS,CM,[],Q117000107,Paul Okon-Engstler,australian-Italian footballer (born 2005),matched,2005-01-24,,,,false,51,72,53,1,70
Australia,australia,Aiden O’Neill,aiden-o-neill,MEDIOCAMPISTAS,CM,[],Q26485052,Aiden O'Neill,Australian soccer player (born 1998),matched,1998-07-04,178,Oldham Athletic A.F.C.,,false,58,79,60,5,77
Australia,australia,Nestory Irankunda,nestory-irankunda,DELANTEROS,ST,"[""RW""]",Q110486192,Nestor Irankunda,Australian association football player (born 2006),matched,2006-02-09,175,FC Bayern Munich,,false,92,67,35,12,87
Australia,australia,Mathew Leckie,mathew-leckie,DELANTEROS,ST,"[""LW"",""RW""]",Q176304,Mathew Leckie,Australian association football player,matched,1991-02-04,180,Melbourne City FC,,false,82,57,25,2,77
Australia,australia,Awer Mabil,awer-mabil,DELANTEROS,ST,"[""LW"",""RW""]",Q4830013,Awer Mabil,Australian association football player,matched,1995-09-15,179,Cádiz Club de Fútbol,,false,83,58,26,3,78
Australia,australia,Mohamed Toure,mohamed-toure,DELANTEROS,ST,[],Q84593316,Mohamed Touré,Australian-Guinean footballer (born 2004),matched,2004-03-26,186,Adelaide United Football Club,,false,83,58,26,3,78
Australia,australia,Nishan Velupillay,nishan-velupillay,DELANTEROS,ST,"[""LW"",""RW""]",Q106916460,Nishan Velupillay,Australian soccer player (born 2001),matched,2001-05-07,181,,,false,83,58,26,3,78
Australia,australia,Cristian Volpato,cristian-volpato,DELANTEROS,ST,"[""LW"",""RW""]",Q109924046,Cristian Volpato,Australian association football player (born 2003),matched,2003-11-15,187,A.S. Roma Primavera,,false,83,58,26,3,78
Australia,australia,Tete Yengi,tete-yengi,DELANTEROS,ST,[],Q104604531,Tete Yengi,Australian soccer player (born 2000),matched,2000-11-28,,Livingston F.C.,,false,86,61,29,6,81
Paraguay,paraguay,Orlando Gill,orlando-gill,ARQUEROS,GK,[],Q60842077,Orlando Gill,Paraguayan footballer (born 2000),matched,2000-06-11,198,Club Sportivo San Lorenzo,,false,12,22,34,83,76
Paraguay,paraguay,Gastón Olveira,gaston-olveira,ARQUEROS,GK,[],Q18020415,Gastón Olveira,Paraguayan association football player,matched,1993-04-21,191,,,false,7,17,29,78,71
Paraguay,paraguay,Roberto Jr. Fernández,roberto-jr-fernandez,ARQUEROS,GK,[],,,,unmatched,,,,,false,6,16,28,77,70
Paraguay,paraguay,Juan Cáceres,juan-caceres,DEFENSORES,CB,"[""LB"",""RB""]",Q2464472,Juan Cáceres,Peruvian footballer,matched,1949-12-27,,,,false,30,49,74,1,68
Paraguay,paraguay,José Canale,jose-canale,DEFENSORES,CB,[],Q50105161,José María Canale,Paraguayan association football player,matched,1996-07-20,183,Club Libertad,,false,32,51,76,1,70
Paraguay,paraguay,Fabián Balbuena,fabian-balbuena,DEFENSORES,CB,[],Q16297591,Fabián Balbuena,Paraguayan association football player,matched,1991-08-23,188,S.C. Corinthians Paulista,,false,34,53,78,3,72
Paraguay,paraguay,Omar Alderete,omar-alderete,DEFENSORES,CB,[],Q41800131,Omar Alderete,Paraguayan association football player,matched,1996-12-26,188,Club de Gimnasia y Esgrima La Plata,,false,32,51,76,1,70
Paraguay,paraguay,Gustavo Gómez,gustavo-gomez,DEFENSORES,CB,[],Q1033783,Gustavo Gómez,Paraguayan association football player,matched,1993-05-06,186,Boca Juniors,,false,35,54,79,4,73
Paraguay,paraguay,Alexandro Maidana,alexandro-maidana,DEFENSORES,CB,[],Q136375048,Alexandro Maidana,Paraguayan footballer,matched,2005-07-26,178,,,false,27,46,71,1,65
Paraguay,paraguay,Junior Alonso,junior-alonso,DEFENSORES,CB,[],Q11091593,Júnior Alonso,Paraguayan association football player,matched,1993-02-09,185,Cerro Porteño,,false,32,51,76,1,70
Paraguay,paraguay,Gustavo Velázquez,gustavo-velazquez,DEFENSORES,CB,[],Q20888302,Gustavo Velásquez,Paraguayan association football player,matched,1991-04-17,180,Club Nacional,,false,29,48,73,1,67
Paraguay,paraguay,Braian Ojeda,braian-ojeda,MEDIOCAMPISTAS,CM,[],Q60828724,Braian Ojeda,Paraguayan association football player,matched,2000-06-27,172,Nottingham Forest F.C.,,false,60,81,62,7,79
Paraguay,paraguay,Damián Bobadilla,damian-bobadilla,MEDIOCAMPISTAS,CM,[],Q116223348,Damián Bobadilla,Paraguayan footballer,matched,2001-07-11,181,,,false,54,75,56,1,73
Paraguay,paraguay,Andrés Cubas,andres-cubas,MEDIOCAMPISTAS,CM,"[""CDM"",""CAM""]",Q16298600,Andrés Cubas,Argentine-Paraguayan footballer,matched,1996-06-22,163,Defensa y Justicia,,false,54,75,56,1,73
Paraguay,paraguay,Diego Gómez,diego-gomez,MEDIOCAMPISTAS,CM,"[""CDM"",""CAM""]",Q46366,Diego Gómez,Colombian footballer (born 1972),matched,1972-03-29,,,,false,53,74,55,1,72
Paraguay,paraguay,Miguel Almirón,miguel-almiron,MEDIOCAMPISTAS,CM,[],Q16145667,Miguel Almirón,Paraguayan association football player (born 1994),matched,1994-02-10,174,Atlanta United FC,,false,53,74,55,1,72
Paraguay,paraguay,Kaku Romero Gamarra,kaku-romero-gamarra,MEDIOCAMPISTAS,CM,"[""CDM"",""CAM""]",,,,unmatched,,,,,false,51,72,53,1,70
Paraguay,paraguay,Mauricio Magalhães,mauricio-magalhaes,MEDIOCAMPISTAS,CM,"[""CDM"",""CAM""]",Q65718498,Maurício,Paraguayan association football player (born 2001),matched,2001-06-22,174,Cruzeiro E.C.,,false,58,79,60,5,77
Paraguay,paraguay,Matías Galarza,matias-galarza,MEDIOCAMPISTAS,CM,[],Q106804819,Matías Galarza,Paraguayan footballer,matched,2002-02-11,175,,,false,54,75,56,1,73
Paraguay,paraguay,Ramón Sosa,ramon-sosa,DELANTEROS,ST,"[""LW"",""RW""]",Q110160871,Ramón Sosa,Paraguayan association football player,matched,1999-08-31,178,Sociedade Esportiva Palmeiras,,false,81,56,24,1,76
Paraguay,paraguay,Gustavo Caballero,gustavo-caballero,DELANTEROS,ST,"[""LW"",""RW""]",Q127179158,Gustavo Caballero,Paraguayan footballer,matched,2001-09-21,178,,,false,81,56,24,1,76
Paraguay,paraguay,Gabriel Ávalos,gabriel-avalos,DELANTEROS,ST,[],Q14592575,Gabriel Ávalos,Paraguayan footballer,matched,1990-10-12,187,Club Atlético Patronato,,false,78,53,21,1,73
Paraguay,paraguay,Álex Arce,alex-arce,DELANTEROS,ST,[],Q118935199,Alex Arce,Paraguayan association football player,matched,1995-06-16,187,,,false,78,53,21,1,73
Paraguay,paraguay,Isidro Pitta,isidro-pitta,DELANTEROS,ST,"[""LW"",""RW""]",Q99096411,Isidro Pitta,Paraguayan footballer,matched,1999-08-14,183,,,false,82,57,25,2,77
Paraguay,paraguay,Julio Enciso,julio-enciso,DELANTEROS,ST,"[""LW"",""RW""]",Q85872272,Julio César Enciso,Paraguayan association football player,matched,2004-01-23,168,Club Libertad,,false,81,56,24,1,76
Paraguay,paraguay,Antonio Sanabria,antonio-sanabria,DELANTEROS,ST,[],Q10856523,Antonio Sanabria,footballer,matched,1996-03-04,180,Fc Barcelona,,false,92,67,35,12,87
Turquía,turquia,Ugurcan Cakir,ugurcan-cakir,ARQUEROS,GK,[],Q19610875,Uğurcan Çakır,Turkish association football player (born 1996),matched,1996-04-05,191,1461 Trabzon,,false,11,21,33,82,75
Turquía,turquia,Altay Bayindir,altay-bayindir,ARQUEROS,GK,[],Q57415806,Altay Bayındır,Turkish association football player (born 1998),matched,1998-04-14,198,Manchester United F.C.,,false,18,28,40,89,82
Turquía,turquia,Mert Gunok,mert-gunok,ARQUEROS,GK,[],Q1401328,Mert Günok,Turkish association football player (born 1989),matched,1989-03-01,196,Fenerbahçe Istanbul,,false,11,21,33,82,75
Turquía,turquia,Ferdi Kadioglu,ferdi-kadioglu,DEFENSORES,CB,"[""LB"",""RB""]",Q26719541,Ferdi Kadıoğlu,Turkish association football player (born 1999),matched,1999-10-07,174,Brighton & Hove Albion F.C.,,false,41,60,85,10,79
Turquía,turquia,Merih Demiral,merih-demiral,DEFENSORES,CB,[],Q29047921,Merih Demiral,Turkish association football player (born 1998),matched,1998-03-05,192,Al Ahli FC,,false,33,52,77,2,71
Turquía,turquia,Zeki Celik,zeki-celik,DEFENSORES,CB,[],Q50628268,Zeki Çelik,Turkish association football player (born 1997),matched,1997-02-17,180,Lille OSC,,false,34,53,78,3,72
Turquía,turquia,Ozan Kabak,ozan-kabak,DEFENSORES,CB,[],Q53280628,Ozan Kabak,Turkish association football player (born 2000),matched,2000-03-25,186,TSG 1899 Hoffenheim,,false,40,59,84,9,78
Turquía,turquia,Mert Muldur,mert-muldur,DEFENSORES,CB,[],Q53394040,Mert Müldür,Turkish association football player (born 1999),matched,1999-04-03,188,US Sassuolo Calcio,,false,35,54,79,4,73
Turquía,turquia,Abdulkerim Bardakci,abdulkerim-bardakci,DEFENSORES,CB,[],Q318069,Abdülkerim Bardakçı,Turkish association football player (born 1994),matched,1994-09-07,190,Konyaspor,,false,36,55,80,5,74
Turquía,turquia,Eren Elmali,eren-elmali,DEFENSORES,CB,[],Q98262284,Eren Elmalı,Turkish association football player (born 2000),matched,2000-07-07,180,Kasımpaşa S.K.,,false,36,55,80,5,74
Turquía,turquia,Caglar Soyuncu,caglar-soyuncu,DEFENSORES,CB,[],Q19612578,Çağlar Söyüncü,Turkish association football player (born 1996),matched,1996-05-23,185,Fenerbahçe Istanbul,,false,34,53,78,3,72
Turquía,turquia,Samet Akaydin,samet-akaydin,DEFENSORES,CB,[],Q69512938,Samet Akaydın,Turkish association football player (born 1994),matched,1994-03-13,190,Çaykur Rizespor,,false,37,56,81,6,75
Turquía,turquia,Arda Guler,arda-guler,MEDIOCAMPISTAS,CAM,[],Q108159340,Αrda Güler,Turkish association football player (born 2005),matched,2005-02-25,176,Real Madrid Club de Fútbol,,false,78,87,46,10,83
Turquía,turquia,Can Uzun,can-uzun,MEDIOCAMPISTAS,CAM,[],Q118799181,Can Uzun,Turkish association football player (born 2005),matched,2005-11-11,186,Eintracht Frankfurt,,false,73,82,41,5,78
Turquía,turquia,Orkun Kokcu,orkun-kokcu,MEDIOCAMPISTAS,CM,[],Q56788302,Orkun Kökçü,Turkish-Dutch association football player (born 2000),matched,2000-12-29,175,S.L. Benfica,,false,61,82,63,8,80
Turquía,turquia,Hakan Calhanoglu,hakan-calhanoglu,MEDIOCAMPISTAS,CM,[],Q763465,Hakan Çalhanoğlu,Turkish association football player (born 1994),matched,1994-02-08,176,Inter Milan,,false,57,78,59,4,76
Turquía,turquia,Ismail Yuksek,ismail-yuksek,MEDIOCAMPISTAS,CM,[],Q97320541,İsmail Yüksek,Turkish association football player (born 1999),matched,1999-01-26,183,Fenerbahçe Istanbul,,false,59,80,61,6,78
Turquía,turquia,Kaan Ayhan,kaan-ayhan,MEDIOCAMPISTAS,CM,"[""CDM"",""CAM""]",Q3191617,Kaan Ayhan,Turkish association football player (born 1994),matched,1994-11-10,184,Eintracht Frankfurt,,false,60,81,62,7,79
Turquía,turquia,Salih Ozcan,salih-ozcan,MEDIOCAMPISTAS,CM,[],Q26965570,Salih Özcan,Turkish-German association football player (born 1998),matched,1998-01-11,180,1. FC Köln,,false,60,81,62,7,79
Turquía,turquia,Kenan Yildiz,kenan-yildiz,DELANTEROS,RW,"[""ST""]",Q113184832,Kenan Yıldız,Turkish association football player (born 2005),matched,2005-05-04,185,Juventus FC,,false,78,66,31,2,76
Turquía,turquia,Baris Alper Yilmaz,baris-alper-yilmaz,DELANTEROS,ST,[],Q107352615,Barış Alper Yılmaz,Turkish association football player (born 2000),matched,2000-05-23,186,,,false,83,58,26,3,78
Turquía,turquia,Kerem Akturkoglu,kerem-akturkoglu,DELANTEROS,RW,[],Q97725322,Kerem Aktürkoğlu,Turkish association football player (born 1998),matched,1998-10-21,173,S.L. Benfica,,false,87,75,40,11,85
Turquía,turquia,Yunus Akgun,yunus-akgun,DELANTEROS,ST,"[""LW"",""RW""]",Q56043430,Yunus Akgün,Turkish association football player (born 2000),matched,2000-07-07,173,Galatasaray S.K.,,false,90,65,33,10,85
Turquía,turquia,Oguz Aydin,oguz-aydin,DELANTEROS,ST,"[""LW"",""RW""]",Q109282705,Oğuz Aydın,Turkish-Dutch association football player (born 2000),matched,2000-10-27,183,,,false,79,54,22,1,74
Turquía,turquia,Deniz Gul,deniz-gul,DELANTEROS,ST,[],Q123174990,Deniz Gül,Turkish association football player (born 2004),matched,2004-07-02,190,FC Porto,,false,88,63,31,8,83
Turquía,turquia,Irfan Can Kahveci,irfan-can-kahveci,DELANTEROS,ST,"[""LW"",""RW""]",Q17708749,İrfan Kahveci,Turkish association football player (born 1995),matched,1995-07-15,175,Gençlerbirliği S.K.,,false,82,57,25,2,77
Alemania,alemania,Oliver Baumann,oliver-baumann,ARQUEROS,GK,[],Q129116,Oliver Baumann,German footballer,matched,1990-06-02,187,TSG 1899 Hoffenheim,,false,14,24,36,85,78
Alemania,alemania,Manuel Neuer,manuel-neuer,ARQUEROS,GK,[],Q107365,Manuel Neuer,German association football player,matched,1986-03-27,193,FC Bayern Munich,,false,16,26,38,87,80
Alemania,alemania,Alexander Nübel,alexander-nubel,ARQUEROS,GK,[],Q20435178,Alexander Nübel,German association football player,matched,1996-09-30,193,Schalke 04,,false,12,22,34,83,76
Alemania,alemania,Waldemar Anton,waldemar-anton,DEFENSORES,CB,[],Q23559699,Waldemar Anton,German-Uzbek footballer (born 1996),matched,1996-07-20,182,Hannover 96,,false,36,55,80,5,74
Alemania,alemania,Nathaniel Brown,nathaniel-brown,DEFENSORES,CB,"[""LB"",""RB""]",,,,unmatched,,,,,false,32,51,76,1,70
Alemania,alemania,Joshua Kimmich,joshua-kimmich,DEFENSORES,CB,[],Q13865408,Joshua Kimmich,German association football player (born 1995),matched,1995-02-08,177,FC Bayern Munich,,false,42,61,86,11,80
Alemania,alemania,David Raum,david-raum,DEFENSORES,CB,"[""LB"",""RB""]",Q28540571,David Raum,German association football player,matched,1998-04-22,180,RB Leipzig,,false,39,58,83,8,77
Alemania,alemania,Antonio Rüdiger,antonio-rudiger,DEFENSORES,CB,[],Q96755,Antonio Rüdiger,German association football player (born 1993),matched,1993-03-03,190,Real Madrid Club de Fútbol,,false,45,64,89,14,83
Alemania,alemania,Nico Schlotterbeck,nico-schlotterbeck,DEFENSORES,CB,[],Q62015814,Nico Schlotterbeck,German association football player,matched,1999-12-01,191,Borussia Dortmund,,false,45,64,89,14,83
Alemania,alemania,Jonathan Tah,jonathan-tah,DEFENSORES,CB,[],Q14640027,Jonathan Tah,German footballer (born 1996),matched,1996-02-11,193,FC Bayern Munich,,false,42,61,86,11,80
Alemania,alemania,Malick Thiaw,malick-thiaw,DEFENSORES,CB,[],Q87268125,Malick Thiaw,German footballer,matched,2001-08-08,194,Newcastle United F.C.,,false,41,60,85,10,79
Alemania,alemania,Pascal Grob,pascal-grob,MEDIOCAMPISTAS,CM,"[""CDM"",""CAM""]",,,,unmatched,,,,,false,54,75,56,1,73
Alemania,alemania,Felix Nmecha,felix-nmecha,MEDIOCAMPISTAS,CM,[],Q60889488,Felix Nmecha,German association football player,matched,2000-10-10,190,Manchester City F.C.,,false,66,87,68,13,85
Alemania,alemania,Aleksandar Pavlović,aleksandar-pavlovic,MEDIOCAMPISTAS,CM,"[""CDM"",""CAM""]",Q121068701,Aleksandar Pavlović,German footballer (born 2004),matched,2004-05-03,188,FC Bayern Munich,,false,67,88,69,14,86
Alemania,alemania,Angelo Stiller,angelo-stiller,MEDIOCAMPISTAS,CM,[],Q68676722,Angelo Stiller,German footballer,matched,2001-04-04,183,VfB Stuttgart,,false,64,85,66,11,83
Alemania,alemania,Nadiem Amiri,nadiem-amiri,MEDIOCAMPISTAS,CM,[],Q19274473,Nadiem Amiri,German association football player,matched,1996-10-27,178,TSG 1899 Hoffenheim,,false,63,84,65,10,82
Alemania,alemania,Leon Goretzka,leon-goretzka,MEDIOCAMPISTAS,CM,[],Q520721,Leon Goretzka,German association football player,matched,1995-02-06,189,FC Bayern Munich,,false,67,88,69,14,86
Alemania,alemania,Jamal Musiala,jamal-musiala,MEDIOCAMPISTAS,CAM,[],Q96072055,Jamal Musiala,German association football player,matched,2003-02-26,184,FC Bayern Munich,,false,78,87,46,10,83
Alemania,alemania,Florian Wirtz,florian-wirtz,MEDIOCAMPISTAS,CM,[],Q94699949,Florian Wirtz,German association football player (born 2003),matched,2003-05-03,176,Liverpool F.C.,,false,66,87,68,13,85
Alemania,alemania,Maximilian Beier,maximilian-beier,DELANTEROS,ST,[],Q80314837,Maximilian Beier,German footballer (born 2002),matched,2002-10-17,182,Borussia Dortmund,,false,91,66,34,11,86
Alemania,alemania,Kai Havertz,kai-havertz,DELANTEROS,ST,[],Q27310755,Kai Havertz,German association football player (born 1999),matched,1999-06-11,193,Arsenal F.C.,,false,92,67,35,12,87
Alemania,alemania,Lennart Karl,lennart-karl,DELANTEROS,ST,"[""LW"",""RW""]",Q130776450,Lennart Karl,German association football player,matched,2008-02-22,168,,,false,79,54,22,1,74
Alemania,alemania,Jamie Leweling,jamie-leweling,DELANTEROS,ST,"[""LW"",""RW""]",Q65964628,Jamie Leweling,German association football player,matched,2001-02-26,184,SpVgg Greuther Fürth,,false,86,61,29,6,81
Alemania,alemania,Leroy Sané,leroy-sane,DELANTEROS,RW,[],Q16499882,Leroy Sané,German association football player,matched,1996-01-11,183,Galatasaray S.K.,,false,82,70,35,6,80
Alemania,alemania,Deniz Undav,deniz-undav,DELANTEROS,ST,[],Q55955918,Deniz Undav,German association football player,matched,1996-07-19,178,VfB Stuttgart,,false,90,65,33,10,85
Alemania,alemania,Nick Woltemade,nick-woltemade,DELANTEROS,ST,[],Q84158344,Nick Woltemade,German association football player (born 2002),matched,2002-02-14,198,Newcastle United F.C.,,false,87,62,30,7,82
Costa De Marfil,costa-de-marfil,Yahia Fofana,yahia-fofana,ARQUEROS,GK,[],Q105161343,Yahia Fofana,Ivorian and French footballer,matched,2000-08-21,194,,,false,10,20,32,81,74
Costa De Marfil,costa-de-marfil,Mohamed Koné,mohamed-kone,ARQUEROS,GK,[],Q109418528,Mohamed Koné,Ivorian footballer (born 2003),matched,2003-08-21,,,,false,5,15,27,76,69
Costa De Marfil,costa-de-marfil,Alban Lafont,alban-lafont,ARQUEROS,GK,[],Q21590318,Alban Lafont,French association football player (born 1999),matched,1999-01-23,193,ACF Fiorentina,,false,17,27,39,88,81
Costa De Marfil,costa-de-marfil,Emmanuel Agbadou,emmanuel-agbadou,DEFENSORES,CB,[],Q69523791,Emmanuel Agbadou,Ivorian footballer (born 1997),matched,1997-06-17,192,US Monastir,,false,36,55,80,5,74
Costa De Marfil,costa-de-marfil,Clément Akpa,clement-akpa,DEFENSORES,CB,"[""LB"",""RB""]",Q123126696,Clément Akpa,Ivoirian and French footballer,matched,2001-11-24,181,,,false,34,53,78,3,72
Costa De Marfil,costa-de-marfil,Ousmane Diomande,ousmane-diomande,DEFENSORES,CB,[],Q116753805,Ousmane Diomande,Ivorian footballer,matched,2003-12-04,190,Sporting CP,,false,39,58,83,8,77
Costa De Marfil,costa-de-marfil,Guela Doué,guela-doue,DEFENSORES,CB,"[""LB"",""RB""]",Q116605365,Guéla Doué,Ivorian footballer,matched,2002-10-17,187,,,false,33,52,77,2,71
Costa De Marfil,costa-de-marfil,Ghislain Konan,ghislain-konan,DEFENSORES,CB,[],Q29158696,Ghislain Konan,Ivorian footballer,matched,1995-12-27,176,ASEC Mimosas,,false,33,52,77,2,71
Costa De Marfil,costa-de-marfil,Odilon Kossounou,odilon-kossounou,DEFENSORES,CB,[],Q64009388,Odilon Kossounou,Ivorian association football player,matched,2001-01-04,191,Atalanta BC,,false,34,53,78,3,72
Costa De Marfil,costa-de-marfil,Evan N’Dicka,evan-n-dicka,DEFENSORES,CB,[],Q28971436,Evan Ndicka,Ivorian-French footballer (born 1999),matched,1999-08-20,192,AJ Auxerre,,false,36,55,80,5,74
Costa De Marfil,costa-de-marfil,Wilfried Singo,wilfried-singo,DEFENSORES,CB,[],Q78255759,Wilfried Singo,Ivorian footballer,matched,2000-12-25,190,Torino FC,,false,35,54,79,4,73
Costa De Marfil,costa-de-marfil,Seko Fofana,seko-fofana,MEDIOCAMPISTAS,CM,[],Q18635274,Seko Fofana,Ivorian-French association football player,matched,1995-05-07,183,SC Bastia,,false,57,78,59,4,76
Costa De Marfil,costa-de-marfil,Parfait Guiagon,parfait-guiagon,MEDIOCAMPISTAS,CM,"[""CDM"",""CAM""]",Q97577478,Parfait Guiagon,Ivorian footballer,matched,2001-02-22,169,,,false,55,76,57,2,74
Costa De Marfil,costa-de-marfil,Christ Inao Oulaï,christ-inao-oulai,MEDIOCAMPISTAS,CM,"[""CDM"",""CAM""]",Q136038808,Christ Inao Oulaï,Ivorian association football player,matched,2006-04-06,173,,,false,49,70,51,1,68
Costa De Marfil,costa-de-marfil,Franck Kessié,franck-kessie,MEDIOCAMPISTAS,CM,[],Q18044401,Franck Kessié,Ivorian association football player (born 1996),matched,1996-12-19,183,Al Ahli FC,,false,53,74,55,1,72
Costa De Marfil,costa-de-marfil,Ibrahim Sangaré,ibrahim-sangare,MEDIOCAMPISTAS,CM,"[""CDM"",""CAM""]",Q30122326,Ibrahim Sangaré,French association football player,matched,1994-03-15,186,AJ Auxerre,,false,59,80,61,6,78
Costa De Marfil,costa-de-marfil,Jean-Michaël Seri,jean-michael-seri,MEDIOCAMPISTAS,CM,[],Q6171506,Jean Seri,Ivorian footballer,matched,1991-07-19,168,OGC Nice,,false,61,82,63,8,80
Costa De Marfil,costa-de-marfil,Simon Adingra,simon-adingra,DELANTEROS,ST,[],Q107742783,Simon Adingra,Ivorian association football player (born 2002),matched,2002-01-01,175,Sunderland A.F.C.,,false,86,61,29,6,81
Costa De Marfil,costa-de-marfil,Ange-Yoan Bonny,ange-yoan-bonny,DELANTEROS,ST,[],Q101067809,Ange-Yoan Bonny,Ivorian association football player (born 2003),matched,2003-10-25,189,,,false,82,57,25,2,77
Costa De Marfil,costa-de-marfil,Amad Diallo,amad-diallo,DELANTEROS,ST,[],Q72603655,Amad Diallo,Ivorian association football player (born 2002),matched,2002-07-11,173,Manchester United F.C.,,false,94,69,37,14,89
Costa De Marfil,costa-de-marfil,Oumar Diakité,oumar-diakite,DELANTEROS,ST,"[""LW"",""RW""]",Q110531201,Oumar Diakité,Ivorian footballer,matched,2003-12-20,182,,,false,82,57,25,2,77
Costa De Marfil,costa-de-marfil,Yan Diomande,yan-diomande,DELANTEROS,ST,"[""LW"",""RW""]",Q133698867,Yan Diomande,Ivorian footballer,matched,2006-11-14,180,,,false,78,53,21,1,73
Costa De Marfil,costa-de-marfil,Evann Guessand,evann-guessand,DELANTEROS,ST,[],Q98593672,Evann Guessand,Ivorian-French footballer (born 2001),matched,2001-07-01,185,Aston Villa F.C.,,false,88,63,31,8,83
Costa De Marfil,costa-de-marfil,Nicolas Pépé,nicolas-pepe,DELANTEROS,RW,[],Q20641306,Nicolas Pépé,Ivorian-French footballer (born 1995),matched,1995-05-29,183,Villarreal CF,,false,84,72,37,8,82
Costa De Marfil,costa-de-marfil,Bazoumana Touré,bazoumana-toure,DELANTEROS,ST,"[""LW"",""RW""]",Q125805788,Bazoumana Touré,Ivorian footballer,matched,2006-03-02,175,Hammarby Fotboll,,false,82,57,25,2,77
Costa De Marfil,costa-de-marfil,Elye Wahi,elye-wahi,DELANTEROS,ST,[],Q104215027,Elye Wahi,Ivorian association football player (born 2003),matched,2003-01-02,181,,,false,82,57,25,2,77
Curazao,curazao,Eloy Room,eloy-room,ARQUEROS,GK,[],Q862963,Eloy Room,Curaçaoan association football player,matched,1989-02-06,188,Columbus Crew,,false,8,18,30,79,72
Curazao,curazao,Tyrick Bodak,tyrick-bodak,ARQUEROS,GK,[],Q108858343,Tyrick Bodak,Curaçaoan footballer,matched,2002-02-15,190,SC Telstar,,false,13,23,35,84,77
Curazao,curazao,Trevor Doornbusch,trevor-doornbusch,ARQUEROS,GK,[],Q95223261,Trevor Doornbusch,Curaçaoan footballer,matched,1999-07-06,188,VVV-Venlo,,false,14,24,36,85,78
Curazao,curazao,Armando Obispo,armando-obispo,DEFENSORES,CB,[],Q27514541,Armando Obispo,Curaçaoan footballer,matched,1999-03-05,185,PSV Eindhoven,,false,41,60,85,10,79
Curazao,curazao,Joshua Brenet,joshua-brenet,DEFENSORES,CB,[],Q2342765,Joshua Brenet,Curaçaoan footballer,matched,1994-03-20,181,PSV Eindhoven,,false,40,59,84,9,78
Curazao,curazao,Riechedly Bazoer,riechedly-bazoer,DEFENSORES,CB,"[""LB"",""RB""]",Q3431767,Riechedly Bazoer,Curaçaoan footballer,matched,1996-10-12,184,AFC Ajax,,false,37,56,81,6,75
Curazao,curazao,Sherel Floranus,sherel-floranus,DEFENSORES,CB,[],Q20972384,Sherel Floranus,Curaçaoan footballer,matched,1998-08-23,181,Sparta Rotterdam,,false,40,59,84,9,78
Curazao,curazao,Shurandy Sambo,shurandy-sambo,DEFENSORES,CB,[],Q62714742,Shurandy Sambo,Curaçaoan association football player (born 2001),matched,2001-08-19,174,,,false,32,51,76,1,70
Curazao,curazao,Deveron Fonville,deveron-fonville,DEFENSORES,CB,[],Q116215237,Deveron Fonville,Curaçaoan footballer,matched,2003-05-16,188,N.E.C.,,false,40,59,84,9,78
Curazao,curazao,Roshon Van Eijma,roshon-van-eijma,DEFENSORES,CB,[],Q56787768,Roshon van Eijma,Curaçaoan footballer,matched,1998-06-09,186,Roda JC Kerkrade,,false,34,53,78,3,72
Curazao,curazao,Jurien Gaari,jurien-gaari,DEFENSORES,CB,[],Q32666318,Juriën Gaari,Curaçaoan association football player,matched,1993-12-23,181,Kozakken Boys,,false,36,55,80,5,74
Curazao,curazao,Leandro Bacuna,leandro-bacuna,MEDIOCAMPISTAS,CM,"[""CDM"",""CAM""]",Q249344,Leandro Bacuna,Curaçaoan footballer,matched,1991-08-21,187,Aston Villa F.C.,,false,59,80,61,6,78
Curazao,curazao,Juninho Bacuna,juninho-bacuna,MEDIOCAMPISTAS,CM,"[""CDM"",""CAM""]",Q19280531,Juninho Bacuna,Curaçaoan footballer,matched,1997-08-07,185,FC Groningen,,false,62,83,64,9,81
Curazao,curazao,Livano Comenencia,livano-comenencia,MEDIOCAMPISTAS,CM,[],Q108800542,Livano Comenencia,Curaçaoan footballer,matched,2004-02-03,191,Juventus F.C. Next Gen,,false,59,80,61,6,78
Curazao,curazao,Tahith Chong,tahith-chong,MEDIOCAMPISTAS,CM,"[""CDM"",""CAM""]",Q24961840,Tahith Chong,Curaçaoan association football player (born 1999),matched,1999-12-04,185,Manchester United F.C.,,false,66,87,68,13,85
Curazao,curazao,Ar’jany Martha,ar-jany-martha,MEDIOCAMPISTAS,CM,"[""CDM"",""CAM""]",Q98781677,Ar'jany Martha,Curaçaoan footballer,matched,2003-09-04,180,,,false,53,74,55,1,72
Curazao,curazao,Tyrese Noslin,tyrese-noslin,MEDIOCAMPISTAS,CM,"[""CDM"",""CAM""]",Q134657698,Tyrese Noslin,Curaçaoan footballer (born 2002),matched,2002-09-11,182,,,false,52,73,54,1,71
Curazao,curazao,Kevin Felida,kevin-felida,MEDIOCAMPISTAS,CM,[],Q46709013,Kevin Felida,Curacaoan footballer,matched,1999-11-11,172,FC Den Bosch,,false,57,78,59,4,76
Curazao,curazao,Godfried Roemeratore,godfried-roemeratore,MEDIOCAMPISTAS,CM,"[""CDM"",""CAM""]",,,,unmatched,,,,,false,54,75,56,1,73
Curazao,curazao,Sontje Hansen,sontje-hansen,DELANTEROS,ST,[],Q64224437,Sontje Hansen,Curaçaoan footballer,matched,2002-05-18,168,AFC Ajax,,false,88,63,31,8,83
Curazao,curazao,Gervane Kastaneer,gervane-kastaneer,DELANTEROS,ST,"[""LW"",""RW""]",Q14517123,Gervane Kastaneer,Curaçaoan footballer,matched,1996-06-09,176,ADO Den Haag,,false,86,61,29,6,81
Curazao,curazao,Kenji Gorré,kenji-gorre,DELANTEROS,ST,"[""LW"",""RW""]",Q19969384,Kenji Gorré,Curacaoan footballer,matched,1994-09-29,178,Swansea City A.F.C.,,false,84,59,27,4,79
Curazao,curazao,Jürgen Locadia,jurgen-locadia,DELANTEROS,ST,"[""LW"",""RW""]",Q1885,Jürgen Locadia,Curaçaoan footballer,matched,1993-11-07,191,Brighton & Hove Albion F.C.,,false,86,61,29,6,81
Curazao,curazao,Jeremy Antonisse,jeremy-antonisse,DELANTEROS,ST,"[""LW"",""RW""]",Q104531012,Jeremy Antonisse,Curaçaoan footballer,matched,2002-03-29,184,,,false,83,58,26,3,78
Curazao,curazao,Jearl Margaritha,jearl-margaritha,DELANTEROS,ST,"[""LW"",""RW""]",Q104780374,Jearl Margaritha,Curaçaoan footballer,matched,2000-04-10,181,,,false,79,54,22,1,74
Curazao,curazao,Bradley Kuwas,bradley-kuwas,DELANTEROS,ST,"[""LW"",""RW""]",,,,unmatched,,,,,false,80,55,23,1,75
Ecuador,ecuador,Hernán Galíndez,hernan-galindez,ARQUEROS,GK,[],Q5742434,Hernán Galíndez,footballer that plays for Ecuador,matched,1987-03-30,188,Club Atlético Huracán,,false,6,16,28,77,70
Ecuador,ecuador,Moisés Ramírez,moises-ramirez,ARQUEROS,GK,[],Q60842106,Moisés Ramírez,Ecuadorian association football player,matched,2000-09-09,185,A.E. Kifisia F.C.,,false,14,24,36,85,78
Ecuador,ecuador,Gonzalo Valle,gonzalo-valle,ARQUEROS,GK,[],Q87119732,Gonzalo Valle,Ecuadorian footballer,matched,1996-02-28,185,,,false,8,18,30,79,72
Ecuador,ecuador,Piero Hincapié,piero-hincapie,DEFENSORES,CB,[],Q101053044,Piero Hincapié,Ecuadorian professional footballer,matched,2002-01-09,184,Arsenal F.C.,,false,46,65,90,15,84
Ecuador,ecuador,Willian Pacho,willian-pacho,DEFENSORES,CB,[],Q87767569,Willian Pacho,Ecuadorian association football player,matched,2001-10-16,187,Paris Saint-Germain FC,,false,42,61,86,11,80
Ecuador,ecuador,Pervis Estupiñán,pervis-estupinan,DEFENSORES,CB,[],Q20994068,Pervis Estupiñán,Ecuadorian association football player,matched,1998-01-21,175,AC Milan,,false,46,65,90,15,84
Ecuador,ecuador,Félix Torres,felix-torres,DEFENSORES,CB,[],Q30916190,Félix Torres,Ecuadorian association football player (1997-),matched,1997-01-11,187,Santos Laguna,,false,36,55,80,5,74
Ecuador,ecuador,Joel Ordóñez,joel-ordonez,DEFENSORES,CB,"[""LB"",""RB""]",Q113390994,Joel Ordóñez,Ecuadorian footballer (born 2001),matched,2004-04-21,188,,,false,31,50,75,1,69
Ecuador,ecuador,Jackson Porozo,jackson-porozo,DEFENSORES,CB,[],Q60842110,Jackson Porozo,Ecuadorian association football player,matched,2000-08-04,192,ES Troyes AC,,false,37,56,81,6,75
Ecuador,ecuador,Angelo Preciado,angelo-preciado,DEFENSORES,CB,"[""LB"",""RB""]",Q56599873,Angelo Preciado,Ecuadorian association football player,matched,1998-02-18,173,AC Sparta Prague,,false,40,59,84,9,78
Ecuador,ecuador,Moisés Caicedo,moises-caicedo,MEDIOCAMPISTAS,CM,[],Q87715532,Moisés Caicedo,Ecuatorian association football player (born 2001),matched,2001-11-02,178,Chelsea F.C.,,false,67,88,69,14,86
Ecuador,ecuador,Alan Franco,alan-franco,MEDIOCAMPISTAS,CM,[],Q56164119,Alan Franco,Ecuadoran association football player (1998-),matched,1998-08-21,174,Clube Atlético Mineiro,,false,58,79,60,5,77
Ecuador,ecuador,Kendry Páez,kendry-paez,MEDIOCAMPISTAS,CM,"[""CDM"",""CAM""]",Q116466426,Kendry Páez,Ecuadorian footballer,matched,2007-05-04,177,,,false,52,73,54,1,71
Ecuador,ecuador,Pedro Vite,pedro-vite,MEDIOCAMPISTAS,CM,[],Q105920173,Pedro Vite,Ecuadorian footballer,matched,2002-03-09,170,,,false,54,75,56,1,73
Ecuador,ecuador,Jordy Alcívar,jordy-alcivar,MEDIOCAMPISTAS,CM,[],Q60842122,Jordy Alcívar,Ecuadorian association football player,matched,1999-08-05,173,Liga Deportiva Universitaria de Quito,,false,55,76,57,2,74
Ecuador,ecuador,Denil Castillo,denil-castillo,MEDIOCAMPISTAS,CM,"[""CDM"",""CAM""]",Q117835987,Denil Castillo,Ecuadorian footballer (2004-),matched,2004-03-24,189,,,false,52,73,54,1,71
Ecuador,ecuador,Yaimar Medina,yaimar-medina,MEDIOCAMPISTAS,CM,"[""CDM"",""CAM""]",Q116235098,Yaimar Medina,Ecuadorian footballer,matched,2004-11-05,178,K.R.C. Genk,,false,60,81,62,7,79
Ecuador,ecuador,Enner Valencia,enner-valencia,DELANTEROS,ST,[],Q2843080,Enner Valencia,Ecuadorian association football player,matched,1989-11-04,174,CF Pachuca,,false,81,56,24,1,76
Ecuador,ecuador,Gonzalo Plata,gonzalo-plata,DELANTEROS,ST,[],Q60842120,Gonzalo Plata,Ecuadorian footballer,matched,2000-11-01,178,Sporting CP,,false,87,62,30,7,82
Ecuador,ecuador,Alan Minda,alan-minda,DELANTEROS,ST,"[""LW"",""RW""]",Q116054089,Alan Minda,Ecuadorian association football player,matched,2003-05-14,170,Cercle Brugge K.S.V.,,false,87,62,30,7,82
Ecuador,ecuador,John Yeboah,john-yeboah,DELANTEROS,ST,"[""LW"",""RW""]",Q58215731,John Yeboah,Ecuadorian association football player (born 2000),matched,2000-06-23,170,VfL Wolfsburg,,false,89,64,32,9,84
Ecuador,ecuador,Kevin Rodriguez,kevin-rodriguez,DELANTEROS,ST,"[""LW"",""RW""]",Q62018984,Kevin Rodriguez,American soccer player,matched,1996-09-25,,Rio Grande Valley FC Toros,,false,82,57,25,2,77
Ecuador,ecuador,Jordy Caicedo,jordy-caicedo,DELANTEROS,ST,[],Q30346214,Jordy Caicedo,association football player,matched,1997-11-18,187,Tigres UANL,,false,83,58,26,3,78
Ecuador,ecuador,Nilson Angulo,nilson-angulo,DELANTEROS,ST,"[""LW"",""RW""]",Q109301509,Nilson Angulo,Ecuadorian footballer,matched,2003-06-19,182,,,false,78,53,21,1,73
Ecuador,ecuador,Anthony Valencia,anthony-valencia,DELANTEROS,ST,"[""LW"",""RW""]",Q101247266,Anthony Valencia,Ecuadorian association football player,matched,2003-07-21,174,Royal Antwerp F.C.,,false,88,63,31,8,83
Ecuador,ecuador,Jeremy Arévalo,jeremy-arevalo,DELANTEROS,ST,"[""LW"",""RW""]",Q121410218,Jeremy Arévalo,Ecuadorian-Spanish footballer,matched,2005-03-19,182,,,false,82,57,25,2,77
Países Bajos,paises-bajos,Mark Flekken,mark-flekken,ARQUEROS,GK,[],Q5811691,Mark Flekken,Dutch footballer (born 1993),matched,1993-06-13,194,Bayer 04 Leverkusen,,false,21,31,43,92,85
Países Bajos,paises-bajos,Robin Roefs,robin-roefs,ARQUEROS,GK,[],Q122789696,Robin Roefs,Dutch association football player (born 2003),matched,2003-01-17,193,,,false,7,17,29,78,71
Países Bajos,paises-bajos,Bart Verbruggen,bart-verbruggen,ARQUEROS,GK,[],Q98682558,Bart Verbruggen,Dutch association football player (born 2002),matched,2002-08-18,193,Brighton & Hove Albion F.C.,,false,13,23,35,84,77
Países Bajos,paises-bajos,Nathan Aké,nathan-ake,DEFENSORES,CB,[],Q1755683,Nathan Aké,Dutch association football player (born 1995),matched,1995-02-18,180,Manchester City F.C.,,false,45,64,89,14,83
Países Bajos,paises-bajos,Denzel Dumfries,denzel-dumfries,DEFENSORES,CB,[],Q19882816,Denzel Dumfries,Dutch association football player (born 1996),matched,1996-04-18,188,Inter Milan,,false,34,53,78,3,72
Países Bajos,paises-bajos,Virgil van Dijk,virgil-van-dijk,DEFENSORES,CB,[],Q133903,Virgil van Dijk,Dutch association football player (born 1991),matched,1991-07-08,195,Liverpool F.C.,,false,45,64,89,14,83
Países Bajos,paises-bajos,Jorrel Hato,jorrel-hato,DEFENSORES,CB,"[""LB"",""RB""]",Q115059438,Jorrel Hato,Dutch footballer (born 2006),matched,2006-03-07,182,,,false,28,47,72,1,66
Países Bajos,paises-bajos,Jan Paul van Hecke,jan-paul-van-hecke,DEFENSORES,CB,[],Q66828825,Jan Paul van Hecke,Dutch association football player,matched,2000-06-08,189,,,false,34,53,78,3,72
Países Bajos,paises-bajos,Jurriën Timber,jurrien-timber,DEFENSORES,CB,[],Q53952196,Jurriën Timber,Dutch association football player (born 2001),matched,2001-06-17,179,Arsenal F.C.,,false,46,65,90,15,84
Países Bajos,paises-bajos,Micky van de Ven,micky-van-de-ven,DEFENSORES,CB,[],Q69812902,Micky van de Ven,Dutch footballer (born 2001),matched,2001-04-19,193,Tottenham Hotspur F.C.,,false,45,64,89,14,83
Países Bajos,paises-bajos,Ryan Gravenberch,ryan-gravenberch,MEDIOCAMPISTAS,CM,[],Q56257870,Ryan Gravenberch,Dutch association football player (born 2002),matched,2002-05-16,190,Liverpool F.C.,,false,68,89,70,15,87
Países Bajos,paises-bajos,Frenkie de Jong,frenkie-de-jong,MEDIOCAMPISTAS,CM,[],Q19898898,Frenkie de Jong,Dutch association football player (born 1997),matched,1997-05-12,180,Fc Barcelona,,false,66,87,68,13,85
Países Bajos,paises-bajos,Justin Kluivert,justin-kluivert,MEDIOCAMPISTAS,CAM,[],Q26934107,Justin Kluivert,Dutch association football player (born 1999),matched,1999-05-05,171,Jong Ajax,,false,74,83,42,6,79
Países Bajos,paises-bajos,Teun Koopmeiners,teun-koopmeiners,MEDIOCAMPISTAS,CM,[],Q39498277,Teun Koopmeiners,Dutch association football player (born 1998),matched,1998-02-28,184,Juventus FC,,false,56,77,58,3,75
Países Bajos,paises-bajos,Tijjani Reijnders,tijjani-reijnders,MEDIOCAMPISTAS,CM,[],Q39500352,Tijjani Reijnders,Dutch footballer (born 1998),matched,1998-07-29,185,Manchester City F.C.,,false,68,89,70,15,87
Países Bajos,paises-bajos,Marten de Roon,marten-de-roon,MEDIOCAMPISTAS,CM,[],Q285684,Marten de Roon,Dutch association football player (born 1991),matched,1991-03-29,185,Juventus FC,,false,57,78,59,4,76
Países Bajos,paises-bajos,Guus Til,guus-til,MEDIOCAMPISTAS,CM,[],Q26385193,Guus Til,Dutch association football player (born 1997),matched,1997-12-22,186,Spartak Moscow,,false,59,80,61,6,78
Países Bajos,paises-bajos,Quinten Timber,quinten-timber,MEDIOCAMPISTAS,CM,[],Q53996595,Quinten Timber,Dutch footballer (born 2001),matched,2001-06-17,177,Jong Ajax,,false,56,77,58,3,75
Países Bajos,paises-bajos,Mats Wieffer,mats-wieffer,MEDIOCAMPISTAS,CDM,[],Q58767078,Mats Wieffer,Dutch association football player (born 1999),matched,1999-11-16,188,Brighton & Hove Albion F.C.,,false,52,81,73,9,80
Países Bajos,paises-bajos,Brian Brobbey,brian-brobbey,DELANTEROS,ST,[],Q57456997,Brian Brobbey,Dutch association football player (born 2002),matched,2002-02-01,180,FC Barcelona Atlètic,,false,85,60,28,5,80
Países Bajos,paises-bajos,Memphis Depay,memphis-depay,DELANTEROS,ST,[],Q1894,Memphis Depay,Dutch association football player (born 1994),matched,1994-02-13,178,S.C. Corinthians Paulista,,false,83,58,26,3,78
Países Bajos,paises-bajos,Cody Gakpo,cody-gakpo,DELANTEROS,LW,"[""ST""]",Q28801927,Cody Gakpo,Dutch association football player (born 1999),matched,1999-05-07,193,Liverpool F.C.,,false,90,78,43,14,88
Países Bajos,paises-bajos,Noa Lang,noa-lang,DELANTEROS,ST,"[""LW"",""RW""]",Q29441778,Noa Lang,Dutch association football player (born 1999),matched,1999-06-17,176,SSC Napoli,,false,87,62,30,7,82
Países Bajos,paises-bajos,Donyell Malen,donyell-malen,DELANTEROS,ST,[],Q24084301,Donyell Malen,Dutch association football player (born 1999),matched,1999-01-19,179,Aston Villa F.C.,,false,90,65,33,10,85
Países Bajos,paises-bajos,Crysencio Summerville,crysencio-summerville,DELANTEROS,ST,[],Q60664537,Crysencio Summerville,Dutch association football player,matched,2001-10-30,174,FC Dordrecht,,false,86,61,29,6,81
Países Bajos,paises-bajos,Wout Weghorst,wout-weghorst,DELANTEROS,ST,[],Q2210473,Wout Weghorst,Dutch association football player (born 1992),matched,1992-08-07,197,Burnley F.C.,,false,86,61,29,6,81
Japón,japon,Tomoki Hayakawa,tomoki-hayakawa,ARQUEROS,GK,[],Q105704210,Tomoki Hayakawa,Japanese association football player,matched,1999-03-03,187,,,false,10,20,32,81,74
Japón,japon,Keisuke Osako,keisuke-osako,ARQUEROS,GK,[],Q30925365,Keisuke Osako,Japanese association football player,matched,1999-07-28,187,Sanfrecce Hiroshima,,false,9,19,31,80,73
Japón,japon,Zion Suzuki,zion-suzuki,ARQUEROS,GK,[],Q67498669,Zion Suzuki,American-Japanese association football player,matched,2002-08-21,190,Urawa Red Diamonds,,false,10,20,32,81,74
Japón,japon,Yuto Nagatomo,yuto-nagatomo,DEFENSORES,CB,[],Q281734,Yūto Nagatomo,Japanese association football player (born 1986),matched,1986-09-12,170,FC Tokyo,,false,32,51,76,1,70
Japón,japon,Shogo Taniguchi,shogo-taniguchi,DEFENSORES,CB,"[""LB"",""RB""]",Q17160970,Shōgo Taniguchi,Japanese association football player,matched,1991-07-15,183,Al-Rayyan,,false,35,54,79,4,73
Japón,japon,Ko Itakura,ko-itakura,DEFENSORES,CB,[],Q20038711,Kō Itakura,Japanese footballer (born 1997),matched,1997-01-27,186,AFC Ajax,,false,39,58,83,8,77
Japón,japon,Tsuyoshi Watanbe,tsuyoshi-watanbe,DEFENSORES,CB,"[""LB"",""RB""]",,,,unmatched,,,,,false,32,51,76,1,70
Japón,japon,Takehiro Tomiyasu,takehiro-tomiyasu,DEFENSORES,CB,[],Q21286402,Takehiro Tomiyasu,Japanese association football player,matched,1998-11-05,188,AFC Ajax,,false,40,59,84,9,78
Japón,japon,Hikori Ito,hikori-ito,DEFENSORES,CB,"[""LB"",""RB""]",,,,unmatched,,,,,false,33,52,77,2,71
Japón,japon,Ayumu Seko,ayumu-seko,DEFENSORES,CB,[],Q27990922,Ayumu Seko,Japanese association football player,matched,2000-06-07,185,Cerezo Osaka,,false,33,52,77,2,71
Japón,japon,Yukinari Sugawara,yukinari-sugawara,DEFENSORES,CB,[],Q50073536,Yukinari Sugawara,Japanese association football player,matched,2000-06-28,179,Nagoya Grampus,,false,34,53,78,3,72
Japón,japon,Junnosuke Suzuki,junnosuke-suzuki,DEFENSORES,CB,"[""LB"",""RB""]",Q109594121,Junnosuke Suzuki,Japanese association football player,matched,2003-07-12,180,,,false,29,48,73,1,67
Japón,japon,Wataru Endo,wataru-endo,MEDIOCAMPISTAS,CDM,[],Q10526787,Wataru Endō,Japanese association football player,matched,1993-02-09,178,Liverpool F.C.,,false,56,85,77,13,84
Japón,japon,Ao Tanaka,ao-tanaka,MEDIOCAMPISTAS,CM,[],Q27920148,Ao Tanaka,Japanese association football player,matched,1998-09-10,177,Fortuna Düsseldorf,,false,56,77,58,3,75
Japón,japon,Kaishu Sano,kaishu-sano,MEDIOCAMPISTAS,CM,[],Q65029955,Kaishu Sano,Japanese association football player,matched,2000-01-01,176,Kashima Antlers,,false,56,77,58,3,75
Japón,japon,Junya Ito,junya-ito,MEDIOCAMPISTAS,CM,"[""CDM"",""CAM""]",Q21913126,Junya Itō,Japanese association football player (born 1993),matched,1993-03-09,176,Stade de Reims,,false,62,83,64,9,81
Japón,japon,Daichi Kamada,daichi-kamada,MEDIOCAMPISTAS,CM,[],Q20039495,Daichi Kamada,Japanese association football player,matched,1996-08-05,180,SS Lazio,,false,59,80,61,6,78
Japón,japon,Koki Ogawa,koki-ogawa,DELANTEROS,ST,[],Q22127681,Koki Ogawa,Japanese association football player,matched,1997-08-08,186,Yokohama FC,,false,84,59,27,4,79
Japón,japon,Daizen Maeda,daizen-maeda,DELANTEROS,ST,[],Q27990906,Daizen Maeda,Japanese association football player,matched,1997-10-20,173,Celtic F.C.,,false,88,63,31,8,83
Japón,japon,Ritsu Doan,ritsu-doan,DELANTEROS,RW,[],Q20630956,Ritsu Dōan,Japanese association football player,matched,1998-06-16,172,Eintracht Frankfurt,,false,86,74,39,10,84
Japón,japon,Kaoru Ueda,kaoru-ueda,DELANTEROS,ST,"[""LW"",""RW""]",,,,unmatched,,,,,false,78,53,21,1,73
Japón,japon,Kaito Nakamura,kaito-nakamura,DELANTEROS,ST,"[""LW"",""RW""]",Q112238242,Kaito Nakamura,Japanese association football player,matched,2001-03-01,,,,false,83,58,26,3,78
Japón,japon,Take Kubo,take-kubo,DELANTEROS,ST,"[""LW"",""RW""]",Q27067753,Takefusa Kubo,Japanese association football player,matched,2001-06-04,169,Real Sociedad,,false,90,65,33,10,85
Japón,japon,Iori Suzuki,iori-suzuki,DELANTEROS,ST,"[""LW"",""RW""]",,,,unmatched,,,,,false,78,53,21,1,73
Japón,japon,Kento Shiogai,kento-shiogai,DELANTEROS,ST,"[""LW"",""RW""]",Q127388493,Kento Shiogai,Japanese footballer (born 2005),matched,2005-03-26,180,N.E.C.,,false,87,62,30,7,82
Japón,japon,Keisuke Goto,keisuke-goto,DELANTEROS,ST,"[""LW"",""RW""]",Q114736627,Keisuke Goto,Japanese association football player,matched,2005-06-03,191,,,false,81,56,24,1,76
Suecia,suecia,Viktor Johansson,viktor-johansson,ARQUEROS,GK,[],Q101249011,Viktor Johansson,Swedish association football player,matched,1998-09-14,186,Hammarby Fotboll,,false,13,23,35,84,77
Suecia,suecia,Kristoffer Nordfeldt,kristoffer-nordfeldt,ARQUEROS,GK,[],Q1398221,Kristoffer Nordfeldt,Swedish association football player,matched,1989-06-23,190,Swansea City A.F.C.,,false,8,18,30,79,72
Suecia,suecia,Jacob Widell Zetterström,jacob-widell-zetterstrom,ARQUEROS,GK,[],Q95618487,Jacob Widell Zetterström,Swedish footballer,matched,1998-07-11,197,Derby County F.C.,,false,11,21,33,82,75
Suecia,suecia,Hjalmar Ekdal,hjalmar-ekdal,DEFENSORES,CB,[],Q56641379,Hjalmar Ekdal,Swedish footballer (born 1998),matched,1998-10-21,188,IK Frej,,false,36,55,80,5,74
Suecia,suecia,Gabriel Gudmundsson,gabriel-gudmundsson,DEFENSORES,CB,"[""LB"",""RB""]",Q29318963,Gabriel Gudmundsson,Swedish association football player (born 1999),matched,1999-04-29,180,Halmstads BK,,false,36,55,80,5,74
Suecia,suecia,Isak Hien,isak-hien,DEFENSORES,CB,"[""LB"",""RB""]",Q105127935,Isak Hien,Swedish association football player,matched,1999-01-13,191,Djurgårdens IF Fotboll,,false,34,53,78,3,72
Suecia,suecia,Emil Holm,emil-holm,DEFENSORES,CB,[],Q66843837,Emil Holm,Swedish footballer born 2000,matched,2000-05-13,191,IFK Göteborg,,false,37,56,81,6,75
Suecia,suecia,Gustaf Lagerbielke,gustaf-lagerbielke,DEFENSORES,CB,"[""LB"",""RB""]",Q107316383,Gustaf Lagerbielke,Swedish association football player,matched,2000-04-10,193,Sollentuna FK,,false,36,55,80,5,74
Suecia,suecia,Victor Lindelöf,victor-lindelof,DEFENSORES,CB,[],Q4125587,Victor Lindelöf,Swedish association football player,matched,1994-07-17,187,Aston Villa F.C.,,false,37,56,81,6,75
Suecia,suecia,Eric Smith,eric-smith,DEFENSORES,CB,"[""LB"",""RB""]",Q108054268,Eric Smith,football player (born 1995),matched,1995-09-02,,,,false,31,50,75,1,69
Suecia,suecia,Carl Starfelt,carl-starfelt,DEFENSORES,CB,[],Q16633442,Carl Starfelt,Swedish association football player (born 1995),matched,1995-06-01,185,IF Brommapojkarna,,false,33,52,77,2,71
Suecia,suecia,Elliot Stroud,elliot-stroud,DEFENSORES,CB,"[""LB"",""RB""]",Q117789805,Elliot Stroud,Swedish association football player,matched,2002-06-22,180,IK Oddevold,,false,35,54,79,4,73
Suecia,suecia,Daniel Svensson,daniel-svensson,DEFENSORES,CB,[],Q106967174,Daniel Svensson,Swedish footballer (born 2002),matched,2002-02-12,183,Borussia Dortmund,,false,44,63,88,13,82
Suecia,suecia,Yasin Ayari,yasin-ayari,MEDIOCAMPISTAS,CM,[],Q103979811,Yasin Ayari,Swedish association football player,matched,2003-10-06,172,AIK Fotboll,,false,55,76,57,2,74
Suecia,suecia,Lucas Bergvall,lucas-bergvall,MEDIOCAMPISTAS,CM,"[""CDM"",""CAM""]",Q115371638,Lucas Bergvall,Swedish association football player (born 2006),matched,2006-02-02,187,Tottenham Hotspur F.C.,,false,62,83,64,9,81
Suecia,suecia,Jesper Karlström,jesper-karlstrom,MEDIOCAMPISTAS,CM,[],Q16633144,Jesper Karlström,Swedish footballer,matched,1995-06-21,179,Djurgårdens IF Fotboll,,false,58,79,60,5,77
Suecia,suecia,Mattias Svanberg,mattias-svanberg,MEDIOCAMPISTAS,CM,[],Q23915221,Mattias Svanberg,Swedish association football player,matched,1999-01-05,185,Malmö FF,,false,57,78,59,4,76
Suecia,suecia,Besfort Zeneli,besfort-zeneli,MEDIOCAMPISTAS,CM,"[""CDM"",""CAM""]",Q113952820,Besfort Zeneli,Kosovan footballer,matched,2002-11-21,187,IF Elfsborg,,false,56,77,58,3,75
Suecia,suecia,Ken Sema,ken-sema,MEDIOCAMPISTAS,CM,[],Q10544852,Ken Sema,Swedish association football player,matched,1993-09-30,177,Östersunds FK,,false,55,76,57,2,74
Suecia,suecia,Taha Ali,taha-ali,DELANTEROS,ST,"[""LW"",""RW""]",Q109906009,Taha Ali,Swedish association football player,matched,1998-07-01,,Sollentuna FK,,false,84,59,27,4,79
Suecia,suecia,Alexander Bernhardsson,alexander-bernhardsson,DELANTEROS,ST,"[""LW"",""RW""]",Q76591341,Alexander Bernhardsson,Swedish association football player,matched,1998-09-08,185,Örgryte IS,,false,86,61,29,6,81
Suecia,suecia,Anthony Elanga,anthony-elanga,DELANTEROS,ST,"[""RW""]",Q106805131,Anthony Elanga,Swedish association football player,matched,2002-04-27,178,Newcastle United F.C.,,false,90,65,33,10,85
Suecia,suecia,Viktor Gyökeres,viktor-gyokeres,DELANTEROS,ST,[],Q47075606,Viktor Gyökeres,Swedish footballer (born 1998),matched,1998-06-04,189,Arsenal F.C.,,false,93,68,36,13,88
Suecia,suecia,Alexander Isak,alexander-isak,DELANTEROS,ST,[],Q23759917,Alexander Isak,Swedish footballer (born 1999),matched,1999-09-21,192,Liverpool F.C.,,false,91,66,34,11,86
Suecia,suecia,Gustaf Nilsson,gustaf-nilsson,DELANTEROS,ST,[],Q18011169,Gustaf Nilsson,Swedish association football player (born 1997),matched,1997-05-23,197,Club Brugge K.V.,,false,86,61,29,6,81
Suecia,suecia,Benjamin Nygren,benjamin-nygren,DELANTEROS,ST,[],Q60677561,Benjamin Nygren,Swedish association football player,matched,2001-07-08,184,IFK Göteborg,,false,87,62,30,7,82
Túnez,tunez,Aymen Dahmen,aymen-dahmen,ARQUEROS,GK,[],Q64520753,Aymen Dahmen,Tunisian association football player,matched,1997-01-28,188,CS Sfaxien,,false,9,19,31,80,73
Túnez,tunez,Abdelmouhib Chamakh,abdelmouhib-chamakh,ARQUEROS,GK,[],,,,unmatched,,,,,false,7,17,29,78,71
Túnez,tunez,Sabri Ben Hassen,sabri-ben-hassen,ARQUEROS,GK,[],,,,unmatched,,,,,false,8,18,30,79,72
Túnez,tunez,Yan Valery,yan-valery,DEFENSORES,CB,[],Q59268317,Yan Valery,Tunisian-French footballer (born 1999),matched,1999-02-22,180,Southampton F.C.,,false,35,54,79,4,73
Túnez,tunez,Moutaz Neffati,moutaz-neffati,DEFENSORES,CB,[],Q123436577,Moutaz Neffati,Swedish association football player,matched,2004-09-04,175,IFK Norrköping FK,,false,37,56,81,6,75
Túnez,tunez,Dylan Bronn,dylan-bronn,DEFENSORES,CB,[],Q26405549,Dylan Bronn,Tunisian and French association football player,matched,1995-06-19,185,KAA Gent,,false,38,57,82,7,76
Túnez,tunez,Montassar Talbi,montassar-talbi,DEFENSORES,CB,[],Q30118244,Montassar Talbi,Tunisian association football player,matched,1998-05-26,190,F.C. Lorient,,false,35,54,79,4,73
Túnez,tunez,Omar Rekik,omar-rekik,DEFENSORES,CB,[],Q96678415,Omar Rekik,Dutch-Tunisian association football player,matched,2001-12-20,186,NK Maribor,,false,36,55,80,5,74
Túnez,tunez,Adem Arous,adem-arous,DEFENSORES,CB,[],Q136092007,Adem Arous,Tunisian association football player (born 2004),matched,2004-07-17,188,,,false,29,48,73,1,67
Túnez,tunez,Raed Chikhaoui,raed-chikhaoui,DEFENSORES,CB,"[""LB"",""RB""]",Q139816192,Raed Chikhaoui,Tunisian footballer (born 2001),matched,2004-06-09,,,,false,29,48,73,1,67
Túnez,tunez,Ali Abdi,ali-abdi,DEFENSORES,CB,[],Q17350507,Ali Abdi,Tunisian association football player,matched,1993-12-20,183,OGC Nice,,false,41,60,85,10,79
Túnez,tunez,Mohamed Amine Ben Hamida,mohamed-amine-ben-hamida,DEFENSORES,CB,[],Q101064617,Mohamed Amine Ben Hmida,Tunisian association football player,matched,1995-12-15,181,Espérance Sportive de Tunis,,false,32,51,76,1,70
Túnez,tunez,Ellyes Skhiri,ellyes-skhiri,MEDIOCAMPISTAS,CM,[],Q20641500,Ellyes Skhiri,Tunisian and French association football player,matched,1995-05-10,185,Eintracht Frankfurt,,false,60,81,62,7,79
Túnez,tunez,Mohamed Belhadj Mahmoud,mohamed-belhadj-mahmoud,MEDIOCAMPISTAS,CDM,[],Q108653548,Mohamed Belhadj Mahmoud,Tunisian association football player,matched,2000-04-24,179,,,false,46,75,67,3,74
Túnez,tunez,Rani Khedira,rani-khedira,MEDIOCAMPISTAS,CM,[],Q86312,Rani Khedira,Tunisian association football player (born 1994),matched,1994-01-27,185,RB Leipzig,,false,61,82,63,8,80
Túnez,tunez,Anis Ben Slimane,anis-ben-slimane,MEDIOCAMPISTAS,CM,[],Q85410990,Anis Ben Slimane,Tunisian and Danish association football player,matched,2001-03-16,188,Brøndby IF,,false,64,85,66,11,83
Túnez,tunez,Mortadha Ben Ouanes,mortadha-ben-ouanes,MEDIOCAMPISTAS,CM,"[""CDM"",""CAM""]",Q105082472,Mortadha Ben Ouanes,Tunisian association football player,matched,1994-07-02,182,Kasımpaşa S.K.,,false,59,80,61,6,78
Túnez,tunez,Ismael Gharbi,ismael-gharbi,MEDIOCAMPISTAS,CM,[],Q107746612,Ismaël Gharbi,Tunisian association football player (born 2004),matched,2004-04-10,173,S.C. Braga,,false,59,80,61,6,78
Túnez,tunez,Hannibal Mejbri,hannibal-mejbri,MEDIOCAMPISTAS,CM,[],Q96755704,Hannibal Mejbri,Tunisian-French footballer (born 2003),matched,2003-01-21,177,Manchester United F.C.,,false,66,87,68,13,85
Túnez,tunez,Khalil Ayari,khalil-ayari,DELANTEROS,RW,[],Q134711363,Khalil Ayari,Tunisian association football player,matched,2005-02-02,174,,,false,75,63,28,1,73
Túnez,tunez,Elias Achouri,elias-achouri,DELANTEROS,ST,[],Q64740426,Elias Achouri,Tunisian and French association football player,matched,1999-02-10,177,AS Saint-Étienne,,false,84,59,27,4,79
Túnez,tunez,Elias Saad,elias-saad,DELANTEROS,LW,[],Q115803591,Elias Saad,German-Tunisian association football player,matched,1999-12-27,185,,,false,79,67,32,3,77
Túnez,tunez,Firas Chaouat,firas-chaouat,DELANTEROS,ST,[],Q58815643,Firas Chaouat,Tunisian association football player,matched,1996-05-08,185,CS Sfaxien,,false,84,59,27,4,79
Túnez,tunez,Hazem Mastouri,hazem-mastouri,DELANTEROS,ST,[],Q134699960,Hazem Mastouri,Tunisian association football player,matched,1997-06-18,191,,,false,82,57,25,2,77
Túnez,tunez,Rayan Elloumi,rayan-elloumi,DELANTEROS,ST,[],Q134932034,Rayan Elloumi,Tunisian-Canadian soccer player,matched,2007-09-17,,,,false,77,52,20,1,72
Túnez,tunez,Sebastian Tounekti,sebastian-tounekti,DELANTEROS,ST,"[""LW"",""RW""]",Q96337717,Sebastian Tounekti,Norwegian-Tunisian association football player,matched,2002-07-13,183,Celtic F.C.,,false,86,61,29,6,81
Bélgica,belgica,Thibaut Courtois,thibaut-courtois,ARQUEROS,GK,[],Q73360,Thibaut Courtois,Belgian association football player (born 1992),matched,1992-05-11,200,Real Madrid Club de Fútbol,,false,21,31,43,92,85
Bélgica,belgica,Senne Lammens,senne-lammens,ARQUEROS,GK,[],Q98100512,Senne Lammens,Belgian association football player (born 2002),matched,2002-07-07,193,Royal Antwerp F.C.,,false,15,25,37,86,79
Bélgica,belgica,Mike Penders,mike-penders,ARQUEROS,GK,[],Q113515002,Mike Penders,Belgian footballer (born 2005),matched,2005-07-31,200,Chelsea F.C.,,false,17,27,39,88,81
Bélgica,belgica,Timothy Castagne,timothy-castagne,DEFENSORES,CB,[],Q18041089,Timothy Castagne,Belgian association football player (born 1995),matched,1995-12-05,180,Fulham F.C.,,false,38,57,82,7,76
Bélgica,belgica,Zeno Debast,zeno-debast,DEFENSORES,CB,"[""LB"",""RB""]",Q106686485,Zeno Debast,Belgian association football player (born 2003),matched,2003-10-24,191,Sporting CP,,false,39,58,83,8,77
Bélgica,belgica,Maxim De Cuyper,maxim-de-cuyper,DEFENSORES,CB,[],Q85928265,Maxim De Cuyper,Belgian association football player (born 2000),matched,2000-12-22,182,Brighton & Hove Albion F.C.,,false,39,58,83,8,77
Bélgica,belgica,Koni De Winter,koni-de-winter,DEFENSORES,CB,[],Q108200391,Koni De Winter,Belgian association football player,matched,2002-06-12,191,AC Milan,,false,41,60,85,10,79
Bélgica,belgica,Brandon Mechele,brandon-mechele,DEFENSORES,CB,[],Q13444905,Brandon Mechele,Belgian footballer (born 1993),matched,1993-01-28,190,Club Brugge K.V.,,false,35,54,79,4,73
Bélgica,belgica,Thomas Meunier,thomas-meunier,DEFENSORES,CB,[],Q2036160,Thomas Meunier,Belgian association football player (born 1991),matched,1991-09-12,190,Lille OSC,,false,37,56,81,6,75
Bélgica,belgica,Nathan Ngoy,nathan-ngoy,DEFENSORES,CB,"[""LB"",""RB""]",Q107094087,Nathan Ngoy,Belgian association football player,matched,2003-06-10,183,,,false,32,51,76,1,70
Bélgica,belgica,Joaquin Seys,joaquin-seys,DEFENSORES,CB,"[""LB"",""RB""]",Q113510252,Joaquin Seys,Belgian footballer (born 2005),matched,2005-03-28,178,,,false,29,48,73,1,67
Bélgica,belgica,Arthur Theate,arthur-theate,DEFENSORES,CB,[],Q97724521,Arthur Theate,Belgian footballer (born 2000),matched,2000-05-25,186,Eintracht Frankfurt,,false,38,57,82,7,76
Bélgica,belgica,Kevin De Bruyne,kevin-de-bruyne,MEDIOCAMPISTAS,CM,[],Q357984,Kevin De Bruyne,Belgian association football player (born 1991),matched,1991-06-28,181,SSC Napoli,,false,62,83,64,9,81
Bélgica,belgica,Amadou Onana,amadou-onana,MEDIOCAMPISTAS,CM,[],Q99328435,Amadou Onana,Belgian association football player (born 2001),matched,2001-08-16,192,Aston Villa F.C.,,false,61,82,63,8,80
Bélgica,belgica,Nicolas Raskin,nicolas-raskin,MEDIOCAMPISTAS,CM,[],Q48525779,Nicolas Raskin,Belgian footballer (born 2001),matched,2001-02-23,178,Standard Liège,,false,61,82,63,8,80
Bélgica,belgica,Youri Tielemans,youri-tielemans,MEDIOCAMPISTAS,CM,[],Q14327453,Youri Tielemans,Belgian footballer (born 1997),matched,1997-05-07,176,Aston Villa F.C.,,false,62,83,64,9,81
Bélgica,belgica,Hans Vanaken,hans-vanaken,MEDIOCAMPISTAS,CM,[],Q2359678,Hans Vanaken,Belgian footballer (born 1992),matched,1992-08-24,194,Club Brugge K.V.,,false,58,79,60,5,77
Bélgica,belgica,Axel Witsel,axel-witsel,MEDIOCAMPISTAS,CDM,[],Q151838,Axel Witsel,Belgian association football player (born 1989),matched,1989-01-12,186,Girona FC,,false,46,75,67,3,74
Bélgica,belgica,Charles De Ketelaere,charles-de-ketelaere,DELANTEROS,CF,[],Q68607008,Charles De Ketelaere,Belgian association football player (born 2001),matched,2001-03-10,192,Atalanta BC,,false,85,68,33,7,81
Bélgica,belgica,Jeremy Doku,jeremy-doku,DELANTEROS,ST,[],Q59209505,Jérémy Doku,Belgian association football player (born 2002),matched,2002-05-27,173,Manchester City F.C.,,false,95,70,38,15,90
Bélgica,belgica,Matías Fernandez-Pardo,matias-fernandez-pardo,DELANTEROS,ST,"[""LW"",""RW""]",Q117041294,Matias Fernandez-Pardo,Belgian association football player (born 2005),matched,2005-02-03,188,,,false,78,53,21,1,73
Bélgica,belgica,Romelu Lukaku,romelu-lukaku,DELANTEROS,ST,[],Q313316,Romelu Lukaku,Belgian footballer (born 1993),matched,1993-05-13,191,SSC Napoli,,false,89,64,32,9,84
Bélgica,belgica,Dodi Lukebakio,dodi-lukebakio,DELANTEROS,ST,"[""LW"",""RW""]",Q21281344,Dodi Lukebakio,Belgian association football player (born 1997),matched,1997-09-24,184,Watford F.C.,,false,85,60,28,5,80
Bélgica,belgica,Diego Moreira,diego-moreira,DELANTEROS,ST,"[""LW"",""RW""]",Q110616805,Diego Moreira,Belgian association football player (born 2004),matched,2004-08-06,179,,,false,81,56,24,1,76
Bélgica,belgica,Alexis Saelemaekers,alexis-saelemaekers,DELANTEROS,ST,"[""LW"",""RW""]",Q49166190,Alexis Saelemaekers,Belgian association football player,matched,1999-06-27,180,AC Milan,,false,94,69,37,14,89
Bélgica,belgica,Leandro Trossard,leandro-trossard,DELANTEROS,ST,[],Q6509762,Leandro Trossard,Belgian association football player (born 1994),matched,1994-12-04,172,K.R.C. Genk,,false,87,62,30,7,82
Egipto,egipto,Oufa Shobeir,oufa-shobeir,ARQUEROS,GK,[],,,,unmatched,,,,,false,6,16,28,77,70
Egipto,egipto,Mohamed El Shenawy,mohamed-el-shenawy,ARQUEROS,GK,[],Q17151209,Mohamed El-Shenawy,Egyptian assiciation football player,matched,1988-12-18,191,Al Ahly SC,,false,9,19,31,80,73
Egipto,egipto,Mohamed Alaa,mohamed-alaa,ARQUEROS,GK,[],Q140106503,Mohamed Alaa,Egyptian assiciation football player,matched,1999-01-01,188,,,false,10,20,32,81,74
Egipto,egipto,El Mahdi Soliman,el-mahdi-soliman,ARQUEROS,GK,[],,,,unmatched,,,,,false,5,15,27,76,69
Egipto,egipto,Mohamed Abdelmonem,mohamed-abdelmonem,DEFENSORES,CB,[],Q110244202,Mohamed Abdel Monem,Egyptian association football player,matched,1999-02-01,184,,,false,30,49,74,1,68
Egipto,egipto,Hossam Abdelmaguid,hossam-abdelmaguid,DEFENSORES,CB,"[""LB"",""RB""]",Q98937753,Hossam Abdelmaguid,Egyptian association football player,matched,2001-04-30,193,,,false,32,51,76,1,70
Egipto,egipto,Ramy Rabia,ramy-rabia,DEFENSORES,CB,[],Q501274,Ramy Rabia,Egyptian association football player,matched,1993-05-20,156,Al Ahly SC,,false,35,54,79,4,73
Egipto,egipto,Yasser Ibrahim,yasser-ibrahim,DEFENSORES,CB,[],Q17386078,Yasser Ibrahim,Egyptian association football player,matched,1989-05-08,185,Smouha SC,,false,32,51,76,1,70
Egipto,egipto,Ahmed Fatouh,ahmed-fatouh,DEFENSORES,CB,"[""LB"",""RB""]",,,,unmatched,,,,,false,33,52,77,2,71
Egipto,egipto,Karim Hafez,karim-hafez,DEFENSORES,CB,[],Q18225149,Karim Hafez,Egyptian association football player,matched,1995-03-12,175,AC Omonia,,false,37,56,81,6,75
Egipto,egipto,Mohamed Hany,mohamed-hany,DEFENSORES,CB,[],Q18705249,Mohamed Hany,Egyptian association football player,matched,1996-01-25,175,Al Ahly SC,,false,35,54,79,4,73
Egipto,egipto,Tarek Alaa,tarek-alaa,DEFENSORES,CB,[],Q139986016,Tarek Alaa,Egyptian association football player (b. 2002),matched,2002-01-05,,,,false,33,52,77,2,71
Egipto,egipto,Marwan Ateya,marwan-ateya,MEDIOCAMPISTAS,CM,"[""CDM"",""CAM""]",Q116621640,Marwan Attia,Egyptian association football player,matched,1998-08-12,176,,,false,54,75,56,1,73
Egipto,egipto,Mohanad Lasheen,mohanad-lasheen,MEDIOCAMPISTAS,CM,[],Q41023561,Mohanad Lasheen,Egyptian association football player,matched,1996-01-01,179,Ismaily SC,,false,54,75,56,1,73
Egipto,egipto,Hamdy Fathy,hamdy-fathy,MEDIOCAMPISTAS,CM,"[""CDM"",""CAM""]",Q35841433,Hamdi Fathi,Egyptian association football player,matched,1994-09-29,180,ENPPI SC,,false,54,75,56,1,73
Egipto,egipto,Nabil Dunga,nabil-dunga,MEDIOCAMPISTAS,CM,[],Q41187975,Nabil Emad,Egyptian association football player,matched,1996-04-06,,Pyramids FC,,false,57,78,59,4,76
Egipto,egipto,Emam Ashour,emam-ashour,MEDIOCAMPISTAS,CM,[],Q64681287,Emam Ashour,Egyptian association football player,matched,1998-02-20,182,Zamalek SC,,false,58,79,60,5,77
Egipto,egipto,Mahmoud Saber,mahmoud-saber,MEDIOCAMPISTAS,CM,"[""CDM"",""CAM""]",Q117035133,Mahmoud Saber,Egyptian association football player,matched,2001-07-30,170,,,false,53,74,55,1,72
Egipto,egipto,Mohamed Salah,mohamed-salah,DELANTEROS,ST,"[""RW""]",Q1354960,Mohamed Salah,Egyptian association football player (born 1992),matched,1992-06-15,175,Liverpool F.C.,,false,93,68,36,13,88
Egipto,egipto,Trezeguet,trezeguet,DELANTEROS,ST,[],Q6734350,Trézéguet,Egyptian association football player,matched,1994-10-01,180,Trabzonspor,,false,84,59,27,4,79
Egipto,egipto,Ibrahim Adel,ibrahim-adel,DELANTEROS,ST,[],Q90916422,Ibrahim Adel,Egyptian association football player,matched,2001-04-23,178,Pyramids FC,,false,84,59,27,4,79
Egipto,egipto,Mostafa Ziko,mostafa-ziko,DELANTEROS,ST,"[""LW"",""RW""]",Q121537482,Mostafa Ziko,Egyptian association football player,matched,1997-04-27,,,,false,78,53,21,1,73
Egipto,egipto,Haissem Hassan,haissem-hassan,DELANTEROS,ST,[],Q58303188,Haissem Hassan,French-Egyptian-Tunisian association football player,matched,2002-02-08,178,Real Oviedo,,false,87,62,30,7,82
Egipto,egipto,Zizo,zizo,DELANTEROS,RW,[],Q17429290,Ahmed Sayed,Egyptian association football,matched,1996-01-10,180,Al Ahly SC,,false,77,65,30,1,75
Egipto,egipto,Omar Marmoush,omar-marmoush,DELANTEROS,ST,[],Q28065104,Omar Marmoush,Egyptian association football player (born 1999),matched,1999-02-07,183,Manchester City F.C.,,false,94,69,37,14,89
Egipto,egipto,Hamza Abdelkarim,hamza-abdelkarim,DELANTEROS,ST,[],Q134513932,Hamza Abdelkarim,Egyptian footballer (born 2008),matched,2008-01-01,182,FC Barcelona Atlètic,,false,83,58,26,3,78
Nueva Zelanda,nueva-zelanda,Max Crocombe,max-crocombe,ARQUEROS,GK,[],Q6794678,Max Crocombe,New Zealand footballer,matched,1993-08-12,194,Southport F.C.,,false,12,22,34,83,76
Nueva Zelanda,nueva-zelanda,Alex Paulsen,alex-paulsen,ARQUEROS,GK,[],Q107558242,Alex Paulsen,New Zealand association football player,matched,2002-07-04,193,AFC Bournemouth,,false,15,25,37,86,79
Nueva Zelanda,nueva-zelanda,Michael Woud,michael-woud,ARQUEROS,GK,[],Q54862548,Michael Woud,New Zealand association football player,matched,1999-01-16,194,Willem II,,false,16,26,38,87,80
Nueva Zelanda,nueva-zelanda,Callan Elliot,callan-elliot,DEFENSORES,CB,"[""LB"",""RB""]",Q62006806,Callan Elliot,New Zealand association football player,matched,1999-07-07,175,Wellington Phoenix FC,,false,32,51,76,1,70
Nueva Zelanda,nueva-zelanda,Tim Payne,tim-payne,DEFENSORES,CB,"[""LB"",""RB""]",Q2642525,Tim Payne,New Zealand footballer,matched,1994-01-10,179,New Zealand men's national football team,,false,34,53,78,3,72
Nueva Zelanda,nueva-zelanda,Tyler Bindon,tyler-bindon,DEFENSORES,CB,[],Q121353909,Tyler Bindon,English footballer (born 2005),matched,2005-01-27,188,Nottingham Forest F.C.,,false,39,58,83,8,77
Nueva Zelanda,nueva-zelanda,Michael Boxall,michael-boxall,DEFENSORES,CB,[],Q524730,Michael Boxall,New Zealand footballer,matched,1988-08-18,188,Minnesota United FC,,false,33,52,77,2,71
Nueva Zelanda,nueva-zelanda,Nando Pijnaker,nando-pijnaker,DEFENSORES,CB,[],Q64031855,Nando Pijnaker,New Zealand association football player,matched,1999-02-25,192,Eastern Suburbs AFC,,false,34,53,78,3,72
Nueva Zelanda,nueva-zelanda,Tommy Smith,tommy-smith,DEFENSORES,CB,[],Q1179411,Tommy Smith,English association football player (1945–2019),matched,1945-04-05,,England national under-21 association football team,,false,35,54,79,4,73
Nueva Zelanda,nueva-zelanda,Finn Surman,finn-surman,DEFENSORES,CB,[],Q109968695,Finn Surman,New Zealand footballer,matched,2003-09-23,190,Portland Timbers,,false,35,54,79,4,73
Nueva Zelanda,nueva-zelanda,Liberato Cacace,liberato-cacace,DEFENSORES,CB,[],Q47544166,Liberato Cacace,New Zealand association football player,matched,2000-09-27,183,Wellington Phoenix FC,,false,32,51,76,1,70
Nueva Zelanda,nueva-zelanda,Francis de Vries,francis-de-vries,DEFENSORES,CB,[],Q29113776,Francis de Vries,New Zealand association football player,matched,1994-11-28,188,Flint City Bucks,,false,35,54,79,4,73
Nueva Zelanda,nueva-zelanda,Lachlan Bayliss,lachlan-bayliss,MEDIOCAMPISTAS,CAM,[],Q123571870,Lachlan Bayliss,Australian association footballer,matched,2002-07-24,179,Newcastle Jets FC,,false,72,81,40,4,77
Nueva Zelanda,nueva-zelanda,Joe Bell,joe-bell,MEDIOCAMPISTAS,CM,[],Q64433070,Joe Bell,New Zealand association football player,matched,1999-04-27,182,Brøndby IF,,false,63,84,65,10,82
Nueva Zelanda,nueva-zelanda,Matt Garbett,matt-garbett,MEDIOCAMPISTAS,CM,"[""CDM"",""CAM""]",,,,unmatched,,,,,false,54,75,56,1,73
Nueva Zelanda,nueva-zelanda,Eli Just,eli-just,MEDIOCAMPISTAS,CM,"[""CDM"",""CAM""]",,,,unmatched,,,,,false,54,75,56,1,73
Nueva Zelanda,nueva-zelanda,Ben Old,ben-old,MEDIOCAMPISTAS,CM,"[""CDM"",""CAM""]",Q106939313,Ben Old,New Zealand footballer,matched,2002-08-13,173,AS Saint-Étienne,,false,59,80,61,6,78
Nueva Zelanda,nueva-zelanda,Alex Rufer,alex-rufer,MEDIOCAMPISTAS,CM,[],Q16239766,Alex Rufer,New Zealand footballer,matched,1996-06-12,184,Wellington Phoenix FC,,false,53,74,55,1,72
Nueva Zelanda,nueva-zelanda,Sarpreet Singh,sarpreet-singh,MEDIOCAMPISTAS,CM,[],Q28800473,Sarpreet Singh,New Zealand association football player,matched,1999-02-20,175,FC Bayern Munich II,,false,59,80,61,6,78
Nueva Zelanda,nueva-zelanda,Marko Stamenić,marko-stamenic,MEDIOCAMPISTAS,CM,[],Q102257634,Marko Stamenic,New Zealand association football player,matched,2002-02-19,188,F.C. Copenhagen,,false,59,80,61,6,78
Nueva Zelanda,nueva-zelanda,Ryan Thomas,ryan-thomas,MEDIOCAMPISTAS,CM,[],Q3943100,Ryan Thomas,New Zealand footballer,matched,1994-12-20,174,PEC Zwolle,,false,59,80,61,6,78
Nueva Zelanda,nueva-zelanda,Kosta Barbarouses,kosta-barbarouses,DELANTEROS,ST,[],Q771396,Kosta Barbarouses,New Zealand footballer,matched,1990-02-19,171,New Zealand Olympic football team,,false,83,58,26,3,78
Nueva Zelanda,nueva-zelanda,Callum McCowatt,callum-mccowatt,DELANTEROS,ST,[],Q50829202,Callum McCowatt,New Zealand association football player,matched,1999-04-30,179,Auckland City FC,,false,85,60,28,5,80
Nueva Zelanda,nueva-zelanda,Jesse Randall,jesse-randall,DELANTEROS,RW,[],Q118287620,Jesse Randall,New Zealand footballer (born 2002),matched,2002-08-19,176,Auckland FC,,false,76,64,29,1,74
Nueva Zelanda,nueva-zelanda,Ben Waine,ben-waine,DELANTEROS,ST,"[""LW"",""RW""]",Q62629839,Ben Waine,New Zealand association football player,matched,2001-06-11,179,Plymouth Argyle F.C.,,false,86,61,29,6,81
Nueva Zelanda,nueva-zelanda,Chris Wood,chris-wood,DELANTEROS,ST,[],Q74548,Chris Wood,New Zealand association football player,matched,1991-12-07,191,Leeds United F.C.,,false,83,58,26,3,78
Irán,iran,Alireza Beiranvand,alireza-beiranvand,ARQUEROS,GK,[],Q4726869,Alireza Beiranvand,Iranian footballer,matched,1992-09-21,196,Persepolis F.C.,,false,13,23,35,84,77
Irán,iran,Hossein Hosseini,hossein-hosseini,ARQUEROS,GK,[],Q41448003,Hossein Hosseini,Iranian association football player (born 1995),matched,1995-01-19,,Esteghlal F.C.,,false,12,22,34,83,76
Irán,iran,Payam Niazmand,payam-niazmand,ARQUEROS,GK,[],Q43374160,Payam Niazmand,Iranian association football player,matched,1995-04-06,194,Portimonense S.C.,,false,12,22,34,83,76
Irán,iran,Danial Eiri,danial-eiri,DEFENSORES,CB,[],Q137779066,Danial Eiri,Iranian association football player,matched,2003-01-01,185,Malavan F.C.,,false,33,52,77,2,71
Irán,iran,Ehsan Hajsafi,ehsan-hajsafi,DEFENSORES,CB,[],Q2762113,Ehsan Hajsafi,Iranian footballer,matched,1990-02-25,176,Sepahan F.C.,,false,35,54,79,4,73
Irán,iran,Saleh Hardani,saleh-hardani,DEFENSORES,CB,[],Q70226579,Saleh Hardani,Iranian association football player,matched,1996-09-14,176,Foolad F.C.,,false,37,56,81,6,75
Irán,iran,Hossein Kanaani,hossein-kanaani,DEFENSORES,CB,"[""LB"",""RB""]",,,,unmatched,,,,,false,31,50,75,1,69
Irán,iran,Shoja Khalilzadeh,shoja-khalilzadeh,DEFENSORES,CB,[],Q7500146,Shoja' Khalilzadeh,footballer,matched,1989-05-14,183,Al Ahli SC,,false,30,49,74,1,68
Irán,iran,Milad Mohammadi,milad-mohammadi,DEFENSORES,CB,"[""LB"",""RB""]",Q17523896,Milad Mohammadi,footballer,matched,1993-09-29,178,FC Akhmat Grozny,,false,33,52,77,2,71
Irán,iran,Ali Nemati,ali-nemati,DEFENSORES,CB,[],Q65195011,Ali Nemati,Football player,matched,1996-02-07,,Shahr Khodro F.C.,,false,34,53,78,3,72
Irán,iran,Ramin Rezaeian,ramin-rezaeian,DEFENSORES,CB,[],Q7289588,Ramin Rezaian,Iranian association football player,matched,1990-03-21,185,Persepolis F.C.,,false,32,51,76,1,70
Irán,iran,Rouzbeh Cheshmi,rouzbeh-cheshmi,MEDIOCAMPISTAS,CM,[],Q15981797,Rouzbeh Cheshmi,Iranian footballer (born 1993),matched,1993-07-24,195,Esteghlal F.C.,,false,57,78,59,4,76
Irán,iran,Saeid Ezatolahi,saeid-ezatolahi,MEDIOCAMPISTAS,CM,[],Q7398276,Saeid Ezzatollahi,Iranian footballer,matched,1996-10-01,190,FC Anzhi Makhachkala,,false,59,80,61,6,78
Irán,iran,Mehdi Ghayedi,mehdi-ghayedi,MEDIOCAMPISTAS,CM,"[""CDM"",""CAM""]",Q30160479,Mehdi Ghayedi,Iranian footballer,matched,1998-12-05,166,Kalba FC,,false,54,75,56,1,73
Irán,iran,Saman Ghoddos,saman-ghoddos,MEDIOCAMPISTAS,CM,[],Q16632974,Saman Ghoddos,Iranian footballer (born 1993),matched,1993-09-06,176,Brentford F.C.,,false,59,80,61,6,78
Irán,iran,Mohammad Ghorbani,mohammad-ghorbani,MEDIOCAMPISTAS,CM,"[""CDM"",""CAM""]",Q112079646,Mohammad Ghorbani,Iranian footballer,matched,2001-10-07,190,,,false,54,75,56,1,73
Irán,iran,Alireza Jahanbakhsh,alireza-jahanbakhsh,MEDIOCAMPISTAS,CM,"[""CDM"",""CAM""]",Q4406552,Alireza Jahanbakhsh,Iranian association football player,matched,1993-08-11,180,F.C. Verbroedering Dender Eendracht Hekelgem,,false,59,80,61,6,78
Irán,iran,Mohammad Mohebi,mohammad-mohebi,MEDIOCAMPISTAS,CM,"[""CDM"",""CAM""]",Q65515898,Mohammad Mohebi,Iranian footballer,matched,1998-12-20,176,C.D. Santa Clara,,false,58,79,60,5,77
Irán,iran,Amir Mohammad Razzaghinia,amir-mohammad-razzaghinia,MEDIOCAMPISTAS,CM,[],Q123469788,Amir Mohammad Razzaghinia,Iranian footballer,matched,2006-04-11,187,Esteghlal F.C.,,false,56,77,58,3,75
Irán,iran,Mehdi Torabi,mehdi-torabi,MEDIOCAMPISTAS,CM,"[""CDM"",""CAM""]",Q18210581,Mahdi Torabi,Iranian professional footballer,matched,1994-09-10,185,Persepolis F.C.,,false,59,80,61,6,78
Irán,iran,Aria Yousefi,aria-yousefi,MEDIOCAMPISTAS,CM,"[""CDM"",""CAM""]",Q109548002,Aria Yousefi,Iranian footballer,matched,2002-04-22,181,,,false,52,73,54,1,71
Irán,iran,Ali Alipour,ali-alipour,DELANTEROS,ST,"[""LW"",""RW""]",Q4724643,Ali Alipour,Iranian association football player,matched,1995-11-11,181,Persepolis F.C.,,false,85,60,28,5,80
Irán,iran,Dennis Dargahi,dennis-dargahi,DELANTEROS,ST,"[""LW"",""RW""]",,,,unmatched,,,,,false,80,55,23,1,75
Irán,iran,Amirhossein Hosseinzadeh,amirhossein-hosseinzadeh,DELANTEROS,ST,"[""LW"",""RW""]",Q66735853,Amir Hossein Hosseinzadeh,Iranian association football player,matched,2000-10-30,178,Tractor F.C,,false,84,59,27,4,79
Irán,iran,Mehdi Taremi,mehdi-taremi,DELANTEROS,ST,[],Q17070837,Mehdi Taremi,Iranian footballer (born 1992),matched,1992-07-18,186,Olympiacos F.C.,,false,89,64,32,9,84
Irán,iran,Shahriar Moghanlou,shahriar-moghanlou,DELANTEROS,ST,"[""LW"",""RW""]",Q20641191,Shahriar Moghanlou,Iranian association football player,matched,1994-12-21,187,Sepahan F.C.,,false,82,57,25,2,77
España,espana,Unai Simón,unai-simon,ARQUEROS,GK,[],Q23908113,Unai Simón,Spanish association football player (born 1997),matched,1997-06-11,192,Athletic Club,,false,14,24,36,85,78
España,espana,David Raya,david-raya,ARQUEROS,GK,[],Q19665907,David Raya,Spanish association football player,matched,1995-09-15,184,Arsenal F.C.,,false,17,27,39,88,81
España,espana,Joan García,joan-garcia,ARQUEROS,GK,[],Q110258306,Joan Garcia,Spanish footballer (born 2001),matched,2001-05-04,194,Fc Barcelona,,false,18,28,40,89,82
España,espana,Marcos Llorente,marcos-llorente,DEFENSORES,CB,"[""LB"",""RB""]",Q21130285,Marcos Llorente,Spanish association football player,matched,1995-01-30,184,Atlético Madrid,,false,43,62,87,12,81
España,espana,Pedro Porro,pedro-porro,DEFENSORES,CB,"[""LB"",""RB""]",Q44080929,Pedro Porrero,Spanish association football player (born 1999),matched,1999-09-13,176,Tottenham Hotspur F.C.,,false,44,63,88,13,82
España,espana,Aymeric Laporte,aymeric-laporte,DEFENSORES,CB,[],Q3855340,Aymeric Laporte,Spanish-French footballer (born 1994),matched,1994-05-27,191,Athletic Club,,false,33,52,77,2,71
España,espana,Pau Cubarsí,pau-cubarsi,DEFENSORES,CB,[],Q118473161,Pau Cubarsí,Spanish footballer (born 2007),matched,2007-01-22,184,Fc Barcelona,,false,40,59,84,9,78
España,espana,Marc Pubill,marc-pubill,DEFENSORES,CB,[],Q110220404,Marc Pubill,Spanish footballer,matched,2003-06-30,191,Atlético Madrid,,false,43,62,87,12,81
España,espana,Eric García,eric-garcia,DEFENSORES,CB,[],Q59938996,Eric García,Spanish association football player,matched,2001-01-09,182,Fc Barcelona,,false,45,64,89,14,83
España,espana,Marc Cucurella,marc-cucurella,DEFENSORES,CB,[],Q22082505,Marc Cucurella,Spanish association football player,matched,1998-07-22,169,Chelsea F.C.,,false,43,62,87,12,81
España,espana,Álex Grimaldo,alex-grimaldo,DEFENSORES,CB,[],Q921324,Álex Grimaldo,Spanish association football player (born 1995),matched,1995-09-20,170,Bayer 04 Leverkusen,,false,43,62,87,12,81
España,espana,Rodri,rodri,MEDIOCAMPISTAS,CDM,[],Q20994118,Rodri,Spanish association football player,matched,1996-06-22,190,Manchester City F.C.,,false,57,86,78,14,85
España,espana,Martín Zubimendi,martin-zubimendi,MEDIOCAMPISTAS,CM,[],Q63384759,Martín Zubimendi,Spanish footballer (born 1999),matched,1999-02-02,181,Arsenal F.C.,,false,64,85,66,11,83
España,espana,Pedri,pedri,MEDIOCAMPISTAS,CM,"[""CDM"",""CAM""]",Q66606355,Pedri,Spanish association football player,matched,2002-11-25,174,Fc Barcelona,,false,64,85,66,11,83
España,espana,Fabián,fabian,MEDIOCAMPISTAS,CM,"[""CDM"",""CAM""]",,,,unmatched,,,,,false,51,72,53,1,70
España,espana,Dani Olmo,dani-olmo,MEDIOCAMPISTAS,CAM,"[""CM""]",Q19560313,Dani Olmo,Spanish association football player,matched,1998-05-07,176,Fc Barcelona,,false,81,90,49,13,86
España,espana,Mikel Merino,mikel-merino,MEDIOCAMPISTAS,CDM,[],Q17612631,Mikel Merino,Spanish footballer (born 1996),matched,1996-06-22,188,Arsenal F.C.,,false,55,84,76,12,83
España,espana,Gavi,gavi,MEDIOCAMPISTAS,CM,"[""CDM"",""CAM""]",,,,unmatched,,,,,false,52,73,54,1,71
España,espana,Álex Baena,alex-baena,MEDIOCAMPISTAS,CM,"[""CDM"",""CAM""]",Q97404267,Álex Baena,Spanish association football player,matched,2001-07-20,174,Atlético Madrid,,false,67,88,69,14,86
España,espana,Lamine Yamal,lamine-yamal,DELANTEROS,RW,[],Q113704154,Lamine Yamal,Spanish and Barcelona footballer,matched,2007-07-13,180,Fc Barcelona,,false,87,75,40,11,85
España,espana,Nico Williams,nico-williams,DELANTEROS,ST,"[""RW""]",Q104414736,Nico Williams,Spanish association football player,matched,2002-07-12,181,Athletic Club,,false,86,61,29,6,81
España,espana,Víctor Muñoz,victor-munoz,DELANTEROS,ST,"[""LW"",""RW""]",Q381780,Víctor Muñoz,Spanish footballer,matched,1957-03-15,169,,,false,80,55,23,1,75
España,espana,Mikel Oyarzabal,mikel-oyarzabal,DELANTEROS,ST,[],Q21195147,Mikel Oyarzabal,Spanish association football player (born 1997),matched,1997-04-21,181,Real Sociedad,,false,88,63,31,8,83
España,espana,Ferran Torres,ferran-torres,DELANTEROS,ST,"[""RW""]",Q44297797,Ferran Torres,Spanish association football player also a Barcelona player,matched,2000-02-29,184,Fc Barcelona,,false,91,66,34,11,86
España,espana,Borja Iglesias,borja-iglesias,DELANTEROS,ST,[],Q18719485,Borja Iglesias,Spanish footballer,matched,1993-01-17,187,RC Celta de Vigo,,false,83,58,26,3,78
España,espana,Yéremy Pino,yeremy-pino,DELANTEROS,ST,"[""LW"",""RW""]",Q100735281,Yéremy Pino,Spanish association football player (born 2002),matched,2002-10-20,172,Crystal Palace F.C.,,false,89,64,32,9,84
Cabo Verde,cabo-verde,Vozinha,vozinha,ARQUEROS,GK,[],Q3018091,Vozinha,Cape Verdean international association football goalkeeper,matched,1986-06-03,189,FC Zimbru Chișinău,,false,11,21,33,82,75
Cabo Verde,cabo-verde,C. J. Dos Santos,c-j-dos-santos,ARQUEROS,GK,[],,,,unmatched,,,,,false,5,15,27,76,69
Cabo Verde,cabo-verde,Márcio Rosa,marcio-rosa,ARQUEROS,GK,[],Q55433904,Márcio Rosa,Cape Verdean association football player,matched,1997-02-23,186,G.D. Chaves,,false,10,20,32,81,74
Cabo Verde,cabo-verde,Roberto Lopes,roberto-lopes,DEFENSORES,CB,"[""LB"",""RB""]",Q85797565,Roberto Lopes,Irish-Cape Verdean footballer,matched,1992-06-17,186,Shamrock Rovers F.C.,,false,36,55,80,5,74
Cabo Verde,cabo-verde,Logan Costa,logan-costa,DEFENSORES,CB,[],Q110184199,Logan Costa,Cape Verdean association football player (born 2001),matched,2001-04-01,190,,,false,30,49,74,1,68
Cabo Verde,cabo-verde,Joao Paulo,joao-paulo,DEFENSORES,CB,"[""LB"",""RB""]",,,,unmatched,,,,,false,29,48,73,1,67
Cabo Verde,cabo-verde,Diney Borges,diney-borges,DEFENSORES,CB,"[""LB"",""RB""]",,,,unmatched,,,,,false,31,50,75,1,69
Cabo Verde,cabo-verde,Stopira,stopira,DEFENSORES,CB,[],Q918049,Stopira,Cape Verdean association football player,matched,1988-05-20,180,Fehérvár FC,,false,35,54,79,4,73
Cabo Verde,cabo-verde,Steven Moreira,steven-moreira,DEFENSORES,CB,[],Q14371131,Steven Moreira,Cape Verdean and French footballer,matched,1994-08-13,176,Columbus Crew,,false,31,50,75,1,69
Cabo Verde,cabo-verde,Wagner Pina,wagner-pina,DEFENSORES,CB,"[""LB"",""RB""]",Q126369438,Wagner Pina,Cape Verdean footballer (born 2002),matched,2002-11-03,180,,,false,30,49,74,1,68
Cabo Verde,cabo-verde,Sidny Lopes Cabral,sidny-lopes-cabral,DEFENSORES,CB,"[""LB"",""RB""]",Q124382289,Sidny Lopes Cabral,Cape Verdean footballer (born 2002),matched,2002-09-18,176,,,false,31,50,75,1,69
Cabo Verde,cabo-verde,Kelvin Pires,kelvin-pires,DEFENSORES,CB,"[""LB"",""RB""]",Q107806484,Kelvin Pires,Cape Verdean footballer,matched,2000-06-05,193,,,false,33,52,77,2,71
Cabo Verde,cabo-verde,Kevin Pina Lenini,kevin-pina-lenini,MEDIOCAMPISTAS,CM,"[""CDM"",""CAM""]",,,,unmatched,,,,,false,51,72,53,1,70
Cabo Verde,cabo-verde,Jamiro Monteiro,jamiro-monteiro,MEDIOCAMPISTAS,CM,[],Q23541080,Jamiro Monteiro,Cape Verdean footballer,matched,1993-11-23,175,SC Cambuur,,false,55,76,57,2,74
Cabo Verde,cabo-verde,Deroy Duarte,deroy-duarte,MEDIOCAMPISTAS,CM,[],Q39082970,Deroy Duarte,association football player,matched,1999-07-04,177,Sparta Rotterdam,,false,63,84,65,10,82
Cabo Verde,cabo-verde,Laros Duarte,laros-duarte,MEDIOCAMPISTAS,CM,[],Q20676495,Laros Duarte,Dutch association football player,matched,1997-02-28,180,PSV Eindhoven,,false,59,80,61,6,78
Cabo Verde,cabo-verde,Telmo Arcanjo,telmo-arcanjo,MEDIOCAMPISTAS,CM,"[""CDM"",""CAM""]",Q97580948,Telmo Arcanjo,Portuguese footballer,matched,2001-06-21,180,,,false,55,76,57,2,74
Cabo Verde,cabo-verde,Yannick Semedo,yannick-semedo,MEDIOCAMPISTAS,CM,"[""CDM"",""CAM""]",Q130465245,Yannick Semedo,Cape Verdean association football player,matched,1995-12-29,171,,,false,52,73,54,1,71
Cabo Verde,cabo-verde,Ryan Mendes,ryan-mendes,DELANTEROS,ST,"[""LW"",""RW""]",Q1392925,Ryan Mendes da Graça,Cape Verdean footballer,matched,1990-01-08,178,Nottingham Forest F.C.,,false,88,63,31,8,83
Cabo Verde,cabo-verde,Garry Rodrigues,garry-rodrigues,DELANTEROS,ST,"[""LW"",""RW""]",Q4621784,Garry Mendes Rodrigues,Dutch-born Cape Verdean footballer,matched,1990-11-27,173,PAOK FC,,false,85,60,28,5,80
Cabo Verde,cabo-verde,Willy Semedo,willy-semedo,DELANTEROS,ST,"[""LW"",""RW""]",Q44821118,Willy Semedo,French and Cape Verdean association football player,matched,1994-04-27,185,Grenoble Foot 38,,false,86,61,29,6,81
Cabo Verde,cabo-verde,Jovane Cabral,jovane-cabral,DELANTEROS,ST,"[""LW"",""RW""]",Q26704562,Jovane Cabral,Cape Verdean association football player,matched,1998-06-14,176,Sporting CP,,false,87,62,30,7,82
Cabo Verde,cabo-verde,Benchimol,benchimol,DELANTEROS,ST,[],Q105939150,Gilson Tavares,Cape Verdean association football player,matched,2001-12-29,187,,,false,79,54,22,1,74
Cabo Verde,cabo-verde,Hélio Varela,helio-varela,DELANTEROS,ST,"[""LW"",""RW""]",Q121907216,Hélio Varela,Portuguese footballer,matched,2002-05-03,176,,,false,79,54,22,1,74
Cabo Verde,cabo-verde,Nuno Da Costa,nuno-da-costa,DELANTEROS,ST,[],Q23007684,Nuno da Costa,Cape Verdean association football player,matched,1991-02-10,182,Valenciennes F.C.,,false,84,59,27,4,79
Cabo Verde,cabo-verde,Dailon Livramento,dailon-livramento,DELANTEROS,ST,[],Q110943455,Dailon Livramento,Dutch association football player,matched,2001-05-04,185,Roda JC Kerkrade,,false,83,58,26,3,78
Uruguay,uruguay,Fernando Muslera,fernando-muslera,ARQUEROS,GK,[],Q203749,Fernando Muslera,Uruguayan footballer,matched,1986-06-16,191,Estudiantes de La Plata,,false,9,19,31,80,73
Uruguay,uruguay,Sergio Rochet,sergio-rochet,ARQUEROS,GK,[],Q17086753,Sergio Rochet,Uruguayan footballer,matched,1993-03-23,190,AZ Alkmaar,,false,16,26,38,87,80
Uruguay,uruguay,Santiago Mele,santiago-mele,ARQUEROS,GK,[],Q27921765,Santiago Mele,association football player,matched,1997-09-06,185,Club Atlético Peñarol,,false,11,21,33,82,75
Uruguay,uruguay,Ronald Araujo,ronald-araujo,DEFENSORES,CB,[],Q56332606,Ronald Araújo,Uruguayan footballer,matched,1999-03-07,192,Fc Barcelona,,false,44,63,88,13,82
Uruguay,uruguay,José María Giménez,jose-maria-gimenez,DEFENSORES,CB,[],Q13634114,José María Giménez,Uruguayan association football player,matched,1995-01-20,185,Atlético Madrid,,false,44,63,88,13,82
Uruguay,uruguay,Santiago Bueno,santiago-bueno,DEFENSORES,CB,[],Q25367692,Santiago Bueno,Uruguayan association football player,matched,1998-11-09,190,Fc Barcelona,,false,43,62,87,12,81
Uruguay,uruguay,Sebastián Cáceres,sebastian-caceres,DEFENSORES,CB,[],Q58011140,Sebastián Cáceres,Uruguayan association football player,matched,1999-08-18,180,Liverpool F.C. (Montevideo),,false,36,55,80,5,74
Uruguay,uruguay,Mathías Olivera,mathias-olivera,DEFENSORES,CB,[],Q23679804,Mathías Olivera,Uruguayan association football player,matched,1997-10-31,184,Getafe CF,,false,37,56,81,6,75
Uruguay,uruguay,Guillermo Varela,guillermo-varela,DEFENSORES,CB,[],Q13422031,Guillermo Varela,Uruguayan association football player,matched,1993-03-24,171,Real Madrid Club de Fútbol,,false,45,64,89,14,83
Uruguay,uruguay,Matías Viña,matias-vina,DEFENSORES,CB,[],Q28663925,Matías Viña,Uruguayan football player,matched,1997-11-09,183,Clube de Regatas do Flamengo,,false,34,53,78,3,72
Uruguay,uruguay,Joaquín Piquerez,joaquin-piquerez,DEFENSORES,CB,"[""LB"",""RB""]",Q35066458,Joaquín Piquerez,Italian-Uruguay association football player,matched,1998-08-24,185,Sociedade Esportiva Palmeiras,,false,32,51,76,1,70
Uruguay,uruguay,Juan Manuel Sanabria,juan-manuel-sanabria,DEFENSORES,CB,"[""LB"",""RB""]",Q60841788,Juan Manuel Sanabria,Uruguayan association football player,matched,2000-03-29,173,Club Nacional de Football,,false,36,55,80,5,74
Uruguay,uruguay,Federico Valverde,federico-valverde,MEDIOCAMPISTAS,CM,[],Q19509544,Federico Valverde,Uruguayan professional footballer (born 1998),matched,1998-07-22,183,Real Madrid Club de Fútbol,,false,67,88,69,14,86
Uruguay,uruguay,Rodrigo Bentancur,rodrigo-bentancur,MEDIOCAMPISTAS,CM,"[""CDM"",""CAM""]",Q18817134,Rodrigo Bentancur,Uruguayan association football player,matched,1997-06-25,185,Tottenham Hotspur F.C.,,false,64,85,66,11,83
Uruguay,uruguay,Manuel Ugarte,manuel-ugarte,MEDIOCAMPISTAS,CM,[],Q27960175,Manuel Ugarte,Uruguayan association football player,matched,2001-04-11,182,Manchester United F.C.,,false,64,85,66,11,83
Uruguay,uruguay,Emiliano Martínez,emiliano-martinez,MEDIOCAMPISTAS,CM,"[""CDM"",""CAM""]",Q3275904,Emiliano Martínez,Argentine association football player (born 1992),matched,1992-09-01,195,Aston Villa F.C.,,false,63,84,65,10,82
Uruguay,uruguay,Rodrigo Zalazar,rodrigo-zalazar,MEDIOCAMPISTAS,CM,[],Q60842159,Rodrigo Zalazar,Uruguayan footballer (born 1999),matched,1999-08-12,178,Eintracht Frankfurt,,false,63,84,65,10,82
Uruguay,uruguay,Giorgian De Arrascaeta,giorgian-de-arrascaeta,MEDIOCAMPISTAS,CM,"[""CDM"",""CAM""]",Q13578003,Giorgian de Arrascaeta,Uruguayan footballer,matched,1994-06-01,172,Clube de Regatas do Flamengo,,false,56,77,58,3,75
Uruguay,uruguay,Nicolás De La Cruz,nicolas-de-la-cruz,MEDIOCAMPISTAS,CM,[],Q20994037,Nicolás De La Cruz,Uruguayan association football player,matched,1997-06-01,167,Clube de Regatas do Flamengo,,false,54,75,56,1,73
Uruguay,uruguay,Agustín Canobbio,agustin-canobbio,MEDIOCAMPISTAS,CM,[],Q26838705,Agustín Canobbio,association football player,matched,1998-10-01,175,Club Athletico Paranaense,,false,57,78,59,4,76
Uruguay,uruguay,Maximiliano Araújo,maximiliano-araujo,MEDIOCAMPISTAS,CM,[],Q58011167,Maximiliano Araújo,Uruguayan association football player,matched,2000-02-15,176,Montevideo Wanderers Fútbol Club,,false,54,75,56,1,73
Uruguay,uruguay,Brian Rodríguez,brian-rodriguez,MEDIOCAMPISTAS,CM,"[""CDM"",""CAM""]",Q4955633,Braian Rodríguez,Uruguayan footballer,matched,1986-08-14,190,Grêmio FBPA,,false,54,75,56,1,73
Uruguay,uruguay,Facundo Pellistri,facundo-pellistri,MEDIOCAMPISTAS,CM,[],Q72091732,Facundo Pellistri,Uruguayan association football player,matched,2001-12-20,174,Panathinaikos F.C.,,false,57,78,59,4,76
Uruguay,uruguay,Darwin Núñez,darwin-nunez,DELANTEROS,ST,"[""LW"",""RW""]",Q46372260,Darwin Núñez,Uruguayan association football player,matched,1999-06-24,187,Al Hilal SFC,,false,83,58,26,3,78
Uruguay,uruguay,Federico Viñas,federico-vinas,DELANTEROS,ST,[],Q62594816,Federico Viñas,Uruguayan footballer,matched,1998-06-30,183,Club León,,false,82,57,25,2,77
Uruguay,uruguay,Rodrigo Aguirre,rodrigo-aguirre,DELANTEROS,ST,[],Q2070073,Rodrigo Aguirre,Uruguayan footballer,matched,1994-10-01,186,A.C. Perugia Calcio,,false,85,60,28,5,80
Arabia Saudita,arabia-saudita,Mohammed Al-Owais,mohammed-al-owais,ARQUEROS,GK,[],Q22677970,Mohammed Al-Owais,Saudi Arabian football player,matched,1991-10-10,185,Al Hilal SFC,,false,10,20,32,81,74
Arabia Saudita,arabia-saudita,Nawaf Al-Aqidi,nawaf-al-aqidi,ARQUEROS,GK,[],Q82251502,Nawaf Al-Aqidi,Saudi association football player,matched,2000-05-10,188,Al-Nassr,,false,9,19,31,80,73
Arabia Saudita,arabia-saudita,Ahmed Al-Kassar,ahmed-al-kassar,ARQUEROS,GK,[],Q23712857,Ahmed Al-Kassar,association football player,matched,1991-05-08,179,Al-Feiha FC,,false,5,15,27,76,69
Arabia Saudita,arabia-saudita,Saud Abdulhamid,saud-abdulhamid,DEFENSORES,CB,[],Q60407856,Saud Abdulhamid,Saudi association football player,matched,1999-07-18,178,AS Roma,,false,42,61,86,11,80
Arabia Saudita,arabia-saudita,Jehad Thakri,jehad-thakri,DEFENSORES,CB,[],Q105658245,Jehad Thakri,Saudi Arabian footballer,matched,2001-07-21,183,Al Qadsiah FC,,false,34,53,78,3,72
Arabia Saudita,arabia-saudita,Abdulelah Al-Amri,abdulelah-al-amri,DEFENSORES,CB,[],Q30308980,Abdulelah Al-Amri,Saudi footballer,matched,1997-01-15,183,Al-Nassr,,false,31,50,75,1,69
Arabia Saudita,arabia-saudita,Hassan Al-Tambakti,hassan-al-tambakti,DEFENSORES,CB,[],Q45108287,Hassan Tombakti,association football Saudi player,matched,1999-02-09,182,Al Hilal SFC,,false,35,54,79,4,73
Arabia Saudita,arabia-saudita,Ali Lajami,ali-lajami,DEFENSORES,CB,[],Q22812479,Ali Lajami,Saudi Arabian footballer,matched,1996-04-25,175,Al Hilal SFC,,false,31,50,75,1,69
Arabia Saudita,arabia-saudita,Nawaf Boushal,nawaf-boushal,DEFENSORES,CB,[],Q78459310,Nawaf Boushal,Saudi Arabian football player,matched,1999-09-16,178,Al-Nassr,,false,33,52,77,2,71
Arabia Saudita,arabia-saudita,Ali Majrashi,ali-majrashi,DEFENSORES,CB,[],Q47499724,Ali Majrashi,association football player,matched,1999-10-01,177,Al Ahli FC,,false,34,53,78,3,72
Arabia Saudita,arabia-saudita,Mohammed Al-Shamat,mohammed-al-shamat,DEFENSORES,CB,"[""LB"",""RB""]",,,,unmatched,,,,,false,29,48,73,1,67
Arabia Saudita,arabia-saudita,Hassan Kadesh,hassan-kadesh,DEFENSORES,CB,[],Q23712679,Hassan Kadesh,association football player,matched,1992-09-06,180,Al-Ettifaq FC,,false,31,50,75,1,69
Arabia Saudita,arabia-saudita,Moteb Al-Harbi,moteb-al-harbi,DEFENSORES,CB,[],Q97698786,Moteb Al-Harbi,Saudi Arabian association football player,matched,2000-02-19,173,Al-Shabab Football Club,,false,32,51,76,1,70
Arabia Saudita,arabia-saudita,Ayman Yahya,ayman-yahya,DEFENSORES,CB,"[""LB"",""RB""]",Q68168547,Ayman Yahya,Saudi Arabian association football player,matched,2001-05-14,168,Al-Nassr,,false,36,55,80,5,74
Arabia Saudita,arabia-saudita,Mohamed Kanno,mohamed-kanno,MEDIOCAMPISTAS,CM,[],Q22278509,Mohamed Kanno,Saudi Arabian association football player,matched,1994-09-22,192,Al-Ettifaq FC,,false,56,77,58,3,75
Arabia Saudita,arabia-saudita,Nasser Al-Dawsari,nasser-al-dawsari,MEDIOCAMPISTAS,CM,[],Q47074246,Nasser Al-Dawsari,association football player,matched,1998-12-19,178,Al Hilal SFC,,false,56,77,58,3,75
Arabia Saudita,arabia-saudita,Ziyad Al-Johani,ziyad-al-johani,MEDIOCAMPISTAS,CM,[],Q98191389,Ziyad Al-Johani,Saudi Arabian association football player,matched,2001-11-11,180,Al Ahli FC,,false,57,78,59,4,76
Arabia Saudita,arabia-saudita,Abdullah Al-Khaibari,abdullah-al-khaibari,MEDIOCAMPISTAS,CM,[],Q28716544,Abdullah Al-Khaibari,Saudi Arabian footballer,matched,1996-08-16,178,Al-Nassr,,false,55,76,57,2,74
Arabia Saudita,arabia-saudita,Musab Al-Juwayr,musab-al-juwayr,MEDIOCAMPISTAS,CM,[],Q105834415,Musab Al-Juwayr,Saudi association football player,matched,2003-06-20,178,Al Qadsiah FC,,false,54,75,56,1,73
Arabia Saudita,arabia-saudita,Sultan Mandash,sultan-mandash,MEDIOCAMPISTAS,CM,[],Q22340706,Sultan Mendash,Saudi Arabian association football player,matched,1994-10-17,172,Najran SC,,false,53,74,55,1,72
Arabia Saudita,arabia-saudita,Alaa Al-Hajji,alaa-al-hajji,MEDIOCAMPISTAS,CM,"[""CDM"",""CAM""]",,,,unmatched,,,,,false,55,76,57,2,74
Arabia Saudita,arabia-saudita,Salem Al-Dawsari,salem-al-dawsari,DELANTEROS,ST,"[""LW"",""RW""]",Q3945419,Salem Al-Dawsari,Saudi Arabian footballer,matched,1991-08-19,171,Al Hilal SFC,,false,83,58,26,3,78
Arabia Saudita,arabia-saudita,Firas Al-Buraikan,firas-al-buraikan,DELANTEROS,ST,[],Q30082508,Firas Al-Buraikan,association saudi football player,matched,2000-05-14,181,Al Ahli FC,,false,82,57,25,2,77
Arabia Saudita,arabia-saudita,Saleh Al-Shehri,saleh-al-shehri,DELANTEROS,ST,[],Q7403894,Saleh Al-Shehri,Saudi Arabian footballer,matched,1993-11-01,177,Al Hilal SFC,,false,81,56,24,1,76
Arabia Saudita,arabia-saudita,Abdullah Al-Hamdan,abdullah-al-hamdan,DELANTEROS,ST,[],Q47499719,Abdullah Al-Hamdan,association football Saudi player,matched,1999-09-12,184,Al-Nassr,,false,85,60,28,5,80
Arabia Saudita,arabia-saudita,Khalid Al-Ghannam,khalid-al-ghannam,DELANTEROS,ST,"[""LW"",""RW""]",Q64147458,Khalid Al-Ghannam,Saudi Arabian association football player,matched,2000-11-07,171,Al-Ettifaq FC,,false,81,56,24,1,76
Francia,francia,Mike Maignan,mike-maignan,ARQUEROS,GK,[],Q17274709,Mike Maignan,French footballer (born 1995),matched,1995-07-03,191,AC Milan,,false,17,27,39,88,81
Francia,francia,Robin Risser,robin-risser,ARQUEROS,GK,[],Q124745247,Robin Risser,French footballer (born 2004),matched,2004-12-02,193,RC Strasbourg Alsace,,false,17,27,39,88,81
Francia,francia,Brice Samba,brice-samba,ARQUEROS,GK,[],Q2925110,Brice Samba,Congolese association football player,matched,1971-03-26,180,,,false,6,16,28,77,70
Francia,francia,Lucas Digne,lucas-digne,DEFENSORES,CB,[],Q72648,Lucas Digne,French footballer (born 1993),matched,1993-07-20,178,Aston Villa F.C.,,false,37,56,81,6,75
Francia,francia,Malo Gusto,malo-gusto,DEFENSORES,CB,"[""LB"",""RB""]",Q78752401,Malo Gusto,French footballer (born 2003),matched,2003-05-19,179,Chelsea F.C.,,false,44,63,88,13,82
Francia,francia,Lucas Hernández,lucas-hernandez,DEFENSORES,CB,[],Q18924954,Lucas Hernandez,French footballer (born 1996),matched,1996-02-14,184,Paris Saint-Germain FC,,false,41,60,85,10,79
Francia,francia,Theo Hernández,theo-hernandez,DEFENSORES,CB,[],Q23703372,Théo Hernandez,French footballer (born 1997),matched,1997-10-06,184,Al Hilal SFC,,false,34,53,78,3,72
Francia,francia,Ibrahima Konaté,ibrahima-konate,DEFENSORES,CB,[],Q30301454,Ibrahima Konaté,French footballer (born 1999),matched,1999-05-25,194,Liverpool F.C.,,false,46,65,90,15,84
Francia,francia,Jules Koundé,jules-kounde,DEFENSORES,CB,[],Q47170176,Jules Koundé,French footballer (born 1998),matched,1998-11-12,180,Fc Barcelona,,false,44,63,88,13,82
Francia,francia,Maxence Lacroix,maxence-lacroix,DEFENSORES,CB,[],Q60286976,Maxence Lacroix,French footballer (born 2000),matched,2000-04-06,190,Crystal Palace F.C.,,false,38,57,82,7,76
Francia,francia,William Saliba,william-saliba,DEFENSORES,CB,[],Q56868118,William Saliba,French footballer (born 2001) also an arsenal player,matched,2001-03-24,192,Arsenal F.C.,,false,44,63,88,13,82
Francia,francia,Dayot Upamecano,dayot-upamecano,DEFENSORES,CB,[],Q20723878,Dayot Upamecano,French footballer (born 1998),matched,1998-10-27,186,FC Bayern Munich,,false,42,61,86,11,80
Francia,francia,N’Golo Kanté,n-golo-kante,MEDIOCAMPISTAS,CM,[],Q16665941,N'Golo Kanté,French footballer (born 1991),matched,1991-03-29,171,Fenerbahçe Istanbul,,false,56,77,58,3,75
Francia,francia,Manu Koné,manu-kone,MEDIOCAMPISTAS,CM,[],Q64029237,Manu Koné,French footballer (born 2001),matched,2001-05-17,185,Toulouse FC,,false,56,77,58,3,75
Francia,francia,Adrien Rabiot,adrien-rabiot,MEDIOCAMPISTAS,CM,[],Q18962,Adrien Rabiot,French footballer (born 1995),matched,1995-04-03,191,AC Milan,,false,64,85,66,11,83
Francia,francia,Aurélien Tchouaméni,aurelien-tchouameni,MEDIOCAMPISTAS,CM,[],Q46951844,Aurélien Tchouaméni,French footballer (born 2000),matched,2000-01-27,187,Real Madrid Club de Fútbol,,false,64,85,66,11,83
Francia,francia,Warren Zaïre-Emery,warren-zaire-emery,MEDIOCAMPISTAS,CDM,[],Q111280241,Warren Zaïre-Emery,French footballer (born 2006),matched,2006-03-08,178,Paris Saint-Germain FC,,false,53,82,74,10,81
Francia,francia,Rayan Cherki,rayan-cherki,MEDIOCAMPISTAS,CM,"[""CDM"",""CAM""]",Q64736321,Rayan Cherki,French footballer (born 2003),matched,2003-08-17,176,Manchester City F.C.,,false,66,87,68,13,85
Francia,francia,Maghnes Akliouche,maghnes-akliouche,DELANTEROS,ST,"[""LW"",""RW""]",Q108910786,Maghnes Akliouche,French footballer (born 2002),matched,2002-02-25,183,,,false,82,57,25,2,77
Francia,francia,Bradley Barcola,bradley-barcola,DELANTEROS,ST,[],Q99670930,Bradley Barcola,French footballer (born 2002),matched,2002-09-02,182,Paris Saint-Germain FC,,false,92,67,35,12,87
Francia,francia,Ousmane Dembélé,ousmane-dembele,DELANTEROS,ST,[],Q20851003,Ousmane Dembélé,French footballer (born 1997),matched,1997-05-15,179,Paris Saint-Germain FC,,false,91,66,34,11,86
Francia,francia,Désiré Doué,desire-doue,DELANTEROS,RW,[],Q112170256,Désiré Doué,French footballer (born 2005),matched,2005-06-03,181,Paris Saint-Germain FC,,false,88,76,41,12,86
Francia,francia,Jean-Philippe Mateta,jean-philippe-mateta,DELANTEROS,ST,[],Q26964668,Jean-Philippe Mateta,French footballer (born 1997),matched,1997-06-28,192,Crystal Palace F.C.,,false,90,65,33,10,85
Francia,francia,Kylian Mbappé,kylian-mbappe,DELANTEROS,ST,[],Q21621995,Kylian Mbappé,French footballer (born 1998),matched,1998-12-20,180,Real Madrid Club de Fútbol,,false,91,66,34,11,86
Francia,francia,Michael Olise,michael-olise,DELANTEROS,RW,[],Q62050484,Michael Olise,French footballer (born 2001),matched,2001-12-12,184,FC Bayern Munich,,false,89,77,42,13,87
Francia,francia,Marcus Thuram,marcus-thuram,DELANTEROS,ST,[],Q19903718,Marcus Thuram,French footballer (born 1997),matched,1997-08-06,192,Inter Milan,,false,85,60,28,5,80
Senegal,senegal,Édouard Mendy,edouard-mendy,ARQUEROS,GK,[],Q27736107,Édouard Mendy,Senegalese-French footballer (born 1992),matched,1992-03-01,194,Al Ahli FC,,false,9,19,31,80,73
Senegal,senegal,Mory Diaw,mory-diaw,ARQUEROS,GK,[],Q17686992,Mory Diaw,Senegalese and French footballer,matched,1993-06-22,195,Paris Saint-Germain FC,,false,17,27,39,88,81
Senegal,senegal,Yehvann Diouf,yehvann-diouf,ARQUEROS,GK,[],Q64010489,Yehvann Diouf,Senegalese-French footballer (born 1999),matched,1999-11-16,190,Stade de Reims,,false,15,25,37,86,79
Senegal,senegal,Antoine Mendy,antoine-mendy,DEFENSORES,CB,"[""LB"",""RB""]",Q114713518,Antoine Mendy,French-Senegalese footballer (born 2004),matched,2004-05-27,187,,,false,32,51,76,1,70
Senegal,senegal,Kalidou Koulibaly,kalidou-koulibaly,DEFENSORES,CB,[],Q3192187,Kalidou Koulibaly,Senegalese-French footballer (born 1991),matched,1991-06-20,188,Al Hilal SFC,,false,32,51,76,1,70
Senegal,senegal,El Hadji Malick Diouf,el-hadji-malick-diouf,DEFENSORES,CB,[],Q123479947,El Hadji Malick Diouf,Senegalese footballer (born 2004),matched,2004-12-28,183,,,false,31,50,75,1,69
Senegal,senegal,Mamadou Sarr,mamadou-sarr,DEFENSORES,CB,[],Q108187024,Mamadou Sarr,Senegalese-French footballer (born 2005),matched,2005-08-29,194,RC Strasbourg Alsace,,false,38,57,82,7,76
Senegal,senegal,Moussa Niakhaté,moussa-niakhate,DEFENSORES,CB,[],Q18637804,Moussa Niakhate,French association football player,matched,1996-03-08,190,FC Metz,,false,36,55,80,5,74
Senegal,senegal,Abdoulaye Seck,abdoulaye-seck,DEFENSORES,CB,[],Q17494543,Abdoulaye Seck,Senegalese association footballer (b. 1992),matched,1992-06-04,192,Maccabi Haifa F.C.,,false,36,55,80,5,74
Senegal,senegal,Ismail Jakobs,ismail-jakobs,DEFENSORES,CB,[],Q74178822,Ismail Jakobs,Senegalese-German association football player,matched,1999-08-17,184,1. FC Köln,,false,40,59,84,9,78
Senegal,senegal,Kreppin Diatta,kreppin-diatta,DEFENSORES,CB,"[""LB"",""RB""]",,,,unmatched,,,,,false,33,52,77,2,71
Senegal,senegal,Idrissa Gueye,idrissa-gueye,MEDIOCAMPISTAS,CM,[],Q46679,Idrissa Gueye,Senegalese association football player,matched,1989-09-26,174,Everton F.C.,,false,60,81,62,7,79
Senegal,senegal,Pape Gueye,pape-gueye,MEDIOCAMPISTAS,CM,[],Q45935395,Pape Gueye,Senegalese and French footballer,matched,1999-01-24,189,Villarreal CF,,false,63,84,65,10,82
Senegal,senegal,Lamine Camara,lamine-camara,MEDIOCAMPISTAS,CM,"[""CDM"",""CAM""]",Q116896436,Lamine Camara,Senegalese footballer (born 2004),matched,2004-01-01,173,,,false,51,72,53,1,70
Senegal,senegal,Habib Diarra,habib-diarra,MEDIOCAMPISTAS,CM,[],Q108924143,Habib Diarra,Senegalese footballer (born 2004),matched,2004-01-03,179,,,false,52,73,54,1,71
Senegal,senegal,Pathé Ciss,pathe-ciss,MEDIOCAMPISTAS,CM,[],Q67089591,Pathé Ciss,Senegalese footballer,matched,1994-03-16,186,CF Fuenlabrada,,false,56,77,58,3,75
Senegal,senegal,Bara Sapoko Ndiaye,bara-sapoko-ndiaye,MEDIOCAMPISTAS,CM,"[""CDM"",""CAM""]",Q137733792,Bara Sapoko Ndiaye,Senegalese footballer (born 2007),matched,2007-12-31,,,,false,50,71,52,1,69
Senegal,senegal,Pape Matar Sarr,pape-matar-sarr,MEDIOCAMPISTAS,CM,[],Q104877690,Pape Matar Sarr,Senegalese association football player,matched,2002-09-14,185,,,false,54,75,56,1,73
Senegal,senegal,Sadio Mané,sadio-mane,DELANTEROS,RW,[],Q209942,Sadio Mané,Senegalese footballer (born 1992),matched,1992-04-10,174,Al-Nassr,,false,80,68,33,4,78
Senegal,senegal,Ismaila Sarr,ismaila-sarr,DELANTEROS,ST,[],Q26924482,Ismaïla Sarr,Senegalese association football player,matched,1998-02-25,180,Watford F.C.,,false,83,58,26,3,78
Senegal,senegal,Ibrahim Mbaye,ibrahim-mbaye,DELANTEROS,ST,[],Q129088593,Ibrahim Mbaye,Senegalese-French footballer (born 2008),matched,2008-01-24,185,Paris Saint-Germain FC,,false,89,64,32,9,84
Senegal,senegal,Assane Diao,assane-diao,DELANTEROS,ST,[],Q120509822,Assane Diao,Senegalese footballer (born 2005),matched,2005-09-07,185,Real Betis B,,false,81,56,24,1,76
Senegal,senegal,Iliman Ndiaye,iliman-ndiaye,DELANTEROS,ST,"[""LW"",""RW""]",Q105956269,Iliman Ndiaye,Senegalese-French footballer (born 2000),matched,2000-03-06,180,Olympique de Marseille,,false,88,63,31,8,83
Senegal,senegal,Nicolas Jackson,nicolas-jackson,DELANTEROS,ST,"[""LW"",""RW""]",Q100144350,Nicolas Jackson,Senegalese association football player,matched,2001-06-20,187,Chelsea F.C.,,false,93,68,36,13,88
Senegal,senegal,Bamba Dieng,bamba-dieng,DELANTEROS,ST,[],Q105426667,Ahmadou Bamba Dieng,Senegalese association football player,matched,2000-09-01,178,Diambars FC,,false,84,59,27,4,79
Senegal,senegal,Cherif Ndiaye,cherif-ndiaye,DELANTEROS,ST,[],Q28811942,Cherif Ndiaye,Senegalese footballer (born 1996),matched,1996-01-23,190,Sportkring Beveren,,false,83,58,26,3,78
Noruega,noruega,Orjan Haskjold Nyland,orjan-haskjold-nyland,ARQUEROS,GK,[],Q869214,Ørjan Nyland,Norwegian footballer (born 1990),matched,1990-09-10,192,FC Ingolstadt 04,,false,10,20,32,81,74
Noruega,noruega,Egil Selvik,egil-selvik,ARQUEROS,GK,[],Q62617279,Egil Selvik,Norwegian footballer (born 1997),matched,1997-07-30,187,Odds BK,,false,10,20,32,81,74
Noruega,noruega,Sander Tangvik,sander-tangvik,ARQUEROS,GK,[],Q105754161,Sander Tangvik,Norwegian footballer (born 2002),matched,2002-11-29,193,Hamburger SV,,false,10,20,32,81,74
Noruega,noruega,Kristoffer Vassbakk Ajer,kristoffer-vassbakk-ajer,DEFENSORES,CB,"[""LB"",""RB""]",Q18157457,Kristoffer Ajer,Norwegian association football player (born 1998),matched,1998-04-17,198,Celtic F.C.,,false,39,58,83,8,77
Noruega,noruega,Fredrik Bjorkan,fredrik-bjorkan,DEFENSORES,CB,[],Q24007315,Fredrik André Bjørkan,Norwegian footballer (born 1998),matched,1998-08-21,180,FK Bodø/Glimt,,false,35,54,79,4,73
Noruega,noruega,Henrik Falchener,henrik-falchener,DEFENSORES,CB,[],Q108990482,Henrik Falchener,Norwegian footballer (born 2003),matched,2003-05-08,194,,,false,32,51,76,1,70
Noruega,noruega,Sondre Langas,sondre-langas,DEFENSORES,CB,[],Q102330606,Sondre Langås,Norwegian footballer (born 2001),matched,2001-02-02,180,IL Stjørdals-Blink,,false,37,56,81,6,75
Noruega,noruega,Torbjorn Heggem,torbjorn-heggem,DEFENSORES,CB,[],Q63968167,Torbjørn Heggem,Norwegian footballer (born 1999),matched,1999-01-12,192,Ranheim Fotball,,false,36,55,80,5,74
Noruega,noruega,Marcus Holmgren Pedersen,marcus-holmgren-pedersen,DEFENSORES,CB,"[""LB"",""RB""]",Q59268631,Marcus Holmgren Pedersen,Norwegian footballer (born 2000),matched,2000-07-16,184,Tromsø IL,,false,38,57,82,7,76
Noruega,noruega,Julian Ryerson,julian-ryerson,DEFENSORES,CB,[],Q28717698,Julian Ryerson,Norwegian footballer (born 1997),matched,1997-11-17,183,Borussia Dortmund,,false,42,61,86,11,80
Noruega,noruega,David Moller Wolfe,david-moller-wolfe,DEFENSORES,CB,[],Q101095985,David Møller Wolfe,Norwegian footballer (born 2002),matched,2002-04-23,185,Åsane Fotball,,false,37,56,81,6,75
Noruega,noruega,Leo Ostigard,leo-ostigard,DEFENSORES,CB,[],Q30330390,Leo Østigård,Norwegian footballer (born 1999),matched,1999-11-28,182,Stade Rennais F.C.,,false,38,57,82,7,76
Noruega,noruega,Thelonious Aasgaard,thelonious-aasgaard,MEDIOCAMPISTAS,CM,"[""CDM"",""CAM""]",,,,unmatched,,,,,false,53,74,55,1,72
Noruega,noruega,Fredrik Aursnes,fredrik-aursnes,MEDIOCAMPISTAS,CM,[],Q20090180,Fredrik Aursnes,Norwegian association football player (born 1995),matched,1995-12-10,179,Molde FK,,false,58,79,60,5,77
Noruega,noruega,Patrick Berg,patrick-berg,MEDIOCAMPISTAS,CM,[],Q18066870,Patrick Berg,Norwegian footballer (born 1997),matched,1997-11-24,178,FK Bodø/Glimt,,false,57,78,59,4,76
Noruega,noruega,Sander Berge,sander-berge,MEDIOCAMPISTAS,CM,[],Q20675980,Sander Berge,Norwegian association football player (born 1998),matched,1998-02-14,195,Fulham F.C.,,false,62,83,64,9,81
Noruega,noruega,Oscar Bobb,oscar-bobb,MEDIOCAMPISTAS,CM,"[""CDM"",""CAM""]",Q110466658,Oscar Bobb,Norwegian association football player (born 2003),matched,2003-07-12,169,,,false,53,74,55,1,72
Noruega,noruega,Jens Petter Hauge,jens-petter-hauge,MEDIOCAMPISTAS,CM,[],Q24007299,Jens Petter Hauge,Norwegian footballer (born 1999),matched,1999-10-12,185,AC Milan,,false,68,89,70,15,87
Noruega,noruega,Antonio Nusa,antonio-nusa,MEDIOCAMPISTAS,CM,"[""CDM"",""CAM""]",Q107357509,Antonio Nusa,Norwegian footballer (born 2005),matched,2005-04-17,180,RB Leipzig,,false,62,83,64,9,81
Noruega,noruega,Andreas Schjelderup,andreas-schjelderup,MEDIOCAMPISTAS,CM,[],Q106099213,Andreas Schjelderup,Norwegian footballer (born 2004),matched,2004-06-01,176,FC Nordsjælland,,false,60,81,62,7,79
Noruega,noruega,Morten Thorsby,morten-thorsby,MEDIOCAMPISTAS,CM,[],Q16852194,Morten Thorsby,Norwegian footballer (born 1996),matched,1996-05-05,186,Genoa CFC,,false,56,77,58,3,75
Noruega,noruega,Kristian Thorstvedt,kristian-thorstvedt,MEDIOCAMPISTAS,CM,[],Q61721648,Kristian Thorstvedt,Norwegian footballer (born 1999),matched,1999-03-13,190,Viking FK,,false,58,79,60,5,77
Noruega,noruega,Martin Odegaard,martin-odegaard,MEDIOCAMPISTAS,CM,[],Q16902219,Martin Ødegaard,Norwegian association football player (born 1998),matched,1998-12-17,178,Arsenal F.C.,,false,65,86,67,12,84
Noruega,noruega,Erling Haaland,erling-haaland,DELANTEROS,ST,[],Q28967995,Erling Haaland,Norwegian association football player (born 2000),matched,2000-07-21,194,Manchester City F.C.,,false,94,69,37,14,89
Noruega,noruega,Jorgen Strand Larsen,jorgen-strand-larsen,DELANTEROS,ST,[],Q28933132,Jørgen Strand Larsen,Norwegian footballer (born 2000),matched,2000-02-06,193,RC Celta de Vigo,,false,84,59,27,4,79
Noruega,noruega,Alexander Sorloth,alexander-sorloth,DELANTEROS,ST,[],Q13784739,Alexander Sørloth,Norwegian association football player (born 1995),matched,1995-12-05,194,Atlético Madrid,,false,90,65,33,10,85
Irak,irak,Fahad Talib,fahad-talib,ARQUEROS,GK,[],Q16555086,Fahad Talib,Iraqi association football player مسلم شيعي,matched,1994-10-21,192,Al-Quwa Al-Jawiya,,false,9,19,31,80,73
Irak,irak,Jalal Hassan,jalal-hassan,ARQUEROS,GK,[],Q10526042,Jalal Hasan,Iraqi footballer,matched,1991-05-18,,Al-Zawra'a SC,,false,6,16,28,77,70
Irak,irak,Ahmed Basil Fadhil,ahmed-basil-fadhil,ARQUEROS,GK,[],Q116060296,Ahmed Basil Fadhil,Iraqi footballer (born 1994),matched,1996-08-19,,,,false,6,16,28,77,70
Irak,irak,Hussein Ali,hussein-ali,DEFENSORES,CB,[],Q85767808,Hussein Ali,Swedish-Iraqi footballer,matched,2002-03-01,180,Örebro SK,,false,37,56,81,6,75
Irak,irak,Manaf Younis,manaf-younis,DEFENSORES,CB,[],Q110111698,Manaf Younis,Iraqi footballer,matched,1996-12-29,,,,false,30,49,74,1,68
Irak,irak,Zaid Tahseen,zaid-tahseen,DEFENSORES,CB,[],Q114355105,Zaid Tahseen,Iraqi footballer,matched,2001-01-29,193,Al-Quwa Al-Jawiya,,false,36,55,80,5,74
Irak,irak,Rebin Sulaka,rebin-sulaka,DEFENSORES,CB,[],Q18246217,Rebin Sulaka,Iraqi association football player,matched,1992-04-12,192,Elverum Fotball,,false,33,52,77,2,71
Irak,irak,Frans Dhia Putros,frans-dhia-putros,DEFENSORES,CB,[],Q12312192,Frans Putros,Iraqi footballer,matched,1993-07-14,181,Q388746,,false,37,56,81,6,75
Irak,irak,Akam Hashem,akam-hashem,DEFENSORES,CB,"[""LB"",""RB""]",,,,unmatched,,,,,false,30,49,74,1,68
Irak,irak,Merchas Doski,merchas-doski,DEFENSORES,CB,"[""LB"",""RB""]",Q100774865,Merchas Doski,professional footballer,matched,1999-12-07,173,,,false,31,50,75,1,69
Irak,irak,Ahmed Yahya,ahmed-yahya,DEFENSORES,CB,"[""LB"",""RB""]",Q119791904,Ahmed Yahya,Iraqi professional footballer,matched,1995-07-01,,,,false,29,48,73,1,67
Irak,irak,Zaid Ismail,zaid-ismail,MEDIOCAMPISTAS,CM,[],Q138863253,Zaid Ismail,Iraqi footballer (born 2002),matched,2002-01-03,,Talaba SC,,false,59,80,61,6,78
Irak,irak,Amir Al-Ammari,amir-al-ammari,MEDIOCAMPISTAS,CM,"[""CDM"",""CAM""]",Q51756997,Amir Al-Ammari,football player,matched,1997-07-27,180,Husqvarna FF,,false,56,77,58,3,75
Irak,irak,Kevin Yakob,kevin-yakob,MEDIOCAMPISTAS,CM,[],Q58339004,Kevin Yakob,Swedish-Iraqi association football player,matched,2000-10-10,177,BK Häcken,,false,58,79,60,5,77
Irak,irak,Zidane Iqbal,zidane-iqbal,MEDIOCAMPISTAS,CM,[],Q107882685,Zidane Iqbal,association football player,matched,2003-04-27,181,,,false,52,73,54,1,71
Irak,irak,Aimar Sher,aimar-sher,MEDIOCAMPISTAS,CM,[],Q85040729,Aimar Sher,Swedish footballer,matched,2002-12-20,175,Hammarby Fotboll,,false,59,80,61,6,78
Irak,irak,Mustafa Saadoon,mustafa-saadoon,MEDIOCAMPISTAS,CM,"[""CDM"",""CAM""]",Q125735784,Mustafa Saadoon,Iraqi association football player,matched,2001-05-25,182,Al-Quwa Al-Jawiya,,false,56,77,58,3,75
Irak,irak,Youssef Amyn,youssef-amyn,MEDIOCAMPISTAS,CM,"[""CDM"",""CAM""]",Q106372614,Youssef Amyn,Iraq association football player,matched,2003-08-21,175,Feyenoord Academy,,false,59,80,61,6,78
Irak,irak,Ibrahim Bayesh,ibrahim-bayesh,MEDIOCAMPISTAS,CM,[],Q45936149,Ibrahim Bayesh,Iraqi association football player,matched,2000-05-01,177,Al-Quwa Al-Jawiya,,false,54,75,56,1,73
Irak,irak,Ahmed Qasem,ahmed-qasem,MEDIOCAMPISTAS,CM,[],Q106907687,Ahmed Qasem,Swedish association football player,matched,2003-07-12,183,Motala AIF,,false,55,76,57,2,74
Irak,irak,Ali Jasim,ali-jasim,MEDIOCAMPISTAS,CM,"[""CDM"",""CAM""]",Q5880646,Ali Jasim,Swedish association football player,matched,1987-07-17,,Umeå FC,,false,57,78,59,4,76
Irak,irak,Marko Farji,marko-farji,DELANTEROS,ST,"[""LW"",""RW""]",Q126373302,Marko Farji,Iraqi footballer (born 2004),matched,2004-03-16,184,,,false,80,55,23,1,75
Irak,irak,Ali Al-Hamadi,ali-al-hamadi,DELANTEROS,ST,[],Q80661874,Ali Al-Hamadi,Iraqi association football player,matched,2002-03-01,183,Ipswich Town F.C.,,false,84,59,27,4,79
Irak,irak,Ali Yousif,ali-yousif,DELANTEROS,ST,"[""LW"",""RW""]",Q96654340,Ali Yousif,Iraqi footballer,matched,1996-01-19,,,,false,81,56,24,1,76
Irak,irak,Aymen Hussein,aymen-hussein,DELANTEROS,ST,[],Q21066439,Aymen Hussein,Iraqi footballer,matched,1996-03-22,189,Al-Quwa Al-Jawiya,,false,82,57,25,2,77
Irak,irak,Mohanad Ali,mohanad-ali,DELANTEROS,ST,[],Q45935415,Mohanad Ali,Iraqi association football player,matched,2000-06-20,183,Al-Kahraba,,false,82,57,25,2,77
Argentina,argentina,Emiliano Martínez,emiliano-martinez,ARQUEROS,GK,[],Q3275904,Emiliano Martínez,Argentine association football player (born 1992),matched,1992-09-01,195,Aston Villa F.C.,,false,15,25,37,86,79
Argentina,argentina,Gerónimo Rulli,geronimo-rulli,ARQUEROS,GK,[],Q5879014,Gerónimo Rulli,Argentine association football player,matched,1992-05-20,189,Olympique de Marseille,,false,16,26,38,87,80
Argentina,argentina,Juan Musso,juan-musso,ARQUEROS,GK,[],Q5951550,Juan Musso,Argentine footballer (born 1994),matched,1994-05-06,191,Atlético Madrid,,false,18,28,40,89,82
Argentina,argentina,Gonzalo Montiel,gonzalo-montiel,DEFENSORES,CB,[],Q26255087,Gonzalo Montiel,Argentinian association football player,matched,1997-01-01,175,Club Atlético River Plate,,false,33,52,77,2,71
Argentina,argentina,Nahuel Molina,nahuel-molina,DEFENSORES,CB,[],Q22082590,Nahuel Molina,Argentine association football player,matched,1998-04-06,175,Atlético Madrid,,false,42,61,86,11,80
Argentina,argentina,Nicolás Otamendi,nicolas-otamendi,DEFENSORES,CB,[],Q182063,Nicolás Otamendi,Argentine association football player,matched,1988-02-12,183,S.L. Benfica,,false,35,54,79,4,73
Argentina,argentina,Cristian Romero,cristian-romero,DEFENSORES,CB,[],Q28058687,Cristian Romero,Argentine association football player (born 1998),matched,1998-04-27,188,Tottenham Hotspur F.C.,,false,46,65,90,15,84
Argentina,argentina,Leonardo Balerdi,leonardo-balerdi,DEFENSORES,CB,[],Q50233588,Leonardo Balerdi,Argentine-Italian footballer,matched,1999-01-26,187,Olympique de Marseille,,false,40,59,84,9,78
Argentina,argentina,Lisandro Martínez,lisandro-martinez,DEFENSORES,CB,[],Q30881092,Lisandro Martínez,Argentine association football player,matched,1998-01-18,175,Manchester United F.C.,,false,44,63,88,13,82
Argentina,argentina,Nicolás Tagliafico,nicolas-tagliafico,DEFENSORES,CB,[],Q3876530,Nicolás Tagliafico,Argentine association football player,matched,1992-08-31,172,Olympique Lyonnais,,false,39,58,83,8,77
Argentina,argentina,Facundo Medina,facundo-medina,DEFENSORES,CB,[],Q28056787,Facundo Medina,Argentinian association football player,matched,1999-05-28,184,R.C. Lens,,false,35,54,79,4,73
Argentina,argentina,Valentín Barco,valentin-barco,DEFENSORES,CB,"[""LB"",""RB""]",Q107542811,Valentín Barco,Argentine asociation football player,matched,2004-07-23,172,,,false,29,48,73,1,67
Argentina,argentina,Giovani Lo Celso,giovani-lo-celso,MEDIOCAMPISTAS,CM,[],Q20743436,Giovani Lo Celso,Argentine association football player,matched,1996-04-09,177,Real Betis Balompié,,false,60,81,62,7,79
Argentina,argentina,Nico Paz,nico-paz,MEDIOCAMPISTAS,CAM,[],Q111336539,Nico Paz,Spanish-Argentine football player,matched,2004-09-08,185,Como 1907,,false,71,80,39,3,76
Argentina,argentina,Enzo Fernández,enzo-fernandez,MEDIOCAMPISTAS,CM,[],Q96105248,Enzo Fernández,Argentine footballer (born 2001),matched,2001-01-17,178,Chelsea F.C.,,false,65,86,67,12,84
Argentina,argentina,Leandro Paredes,leandro-paredes,MEDIOCAMPISTAS,CM,[],Q630170,Leandro Paredes,Argentine footballer,matched,1994-06-29,184,Boca Juniors,,false,54,75,56,1,73
Argentina,argentina,Alexis Mac Allister,alexis-mac-allister,MEDIOCAMPISTAS,CM,[],Q33297140,Alexis Mac Allister,Argentine association football player (born 1998),matched,1998-12-24,176,Liverpool F.C.,,false,68,89,70,15,87
Argentina,argentina,Rodrigo De Paul,rodrigo-de-paul,MEDIOCAMPISTAS,CM,"[""CDM"",""CAM""]",Q6110670,Rodrigo De Paul,Argentine association football player,matched,1994-05-24,180,Atlético Madrid,,false,64,85,66,11,83
Argentina,argentina,Exequiel Palacios,exequiel-palacios,MEDIOCAMPISTAS,CM,[],Q19345715,Exequiel Palacios,Argentine association football player,matched,1998-10-05,177,Bayer 04 Leverkusen,,false,64,85,66,11,83
Argentina,argentina,Nicolás González,nicolas-gonzalez,MEDIOCAMPISTAS,CM,"[""CDM"",""CAM""]",Q43381082,Nicolás González,Argentine association football player (born 1998),matched,1998-04-06,180,ACF Fiorentina,,false,62,83,64,9,81
Argentina,argentina,Giuliano Simeone,giuliano-simeone,MEDIOCAMPISTAS,CM,"[""CDM"",""CAM""]",Q111672750,Giuliano Simeone,Argentine footballer (born 2002),matched,2002-12-18,173,Atlético Madrid,,false,66,87,68,13,85
Argentina,argentina,Thiago Almada,thiago-almada,MEDIOCAMPISTAS,CM,[],Q57293140,Thiago Almada,Argentine footballer,matched,2001-04-26,171,,,false,54,75,56,1,73
Argentina,argentina,Lionel Messi,lionel-messi,DELANTEROS,ST,[],Q615,Lionel Messi,Argentine association football player (born 1987),matched,1987-06-24,169,Inter Miami CF,,false,82,57,25,2,77
Argentina,argentina,Julián Álvarez,julian-alvarez,DELANTEROS,ST,[],Q59381180,Julián Alvarez,Argentine footballer (born 2000),matched,2000-01-31,169,Atlético Madrid,,false,92,67,35,12,87
Argentina,argentina,Lautaro Martínez,lautaro-martinez,DELANTEROS,ST,[],Q21484126,Lautaro Martínez,Argentine association football player (born 1997),matched,1997-08-22,174,Inter Milan,,false,87,62,30,7,82
Argentina,argentina,José López,jose-lopez,DELANTEROS,ST,"[""LW"",""RW""]",,,,unmatched,,,,,false,80,55,23,1,75
Austria,austria,Patrick Pentz,patrick-pentz,ARQUEROS,GK,[],Q24068400,Patrick Pentz,Austrian association football player,matched,1997-01-02,186,FK Austria Wien,,false,15,25,37,86,79
Austria,austria,Alexander Schlager,alexander-schlager,ARQUEROS,GK,[],Q20745286,Alexander Schlager,Austrian association football player,matched,1996-02-01,184,SV Grödig,,false,10,20,32,81,74
Austria,austria,Florian Wiegele,florian-wiegele,ARQUEROS,GK,[],Q123335801,Florian Wiegele,Austrian footballer (born 2001,matched,2001-03-21,,,,false,6,16,28,77,70
Austria,austria,David Affengruber,david-affengruber,DEFENSORES,CB,"[""LB"",""RB""]",Q57782359,David Affengruber,Austrian association football player (1992-),matched,1992-03-04,,SKU Amstetten,,false,36,55,80,5,74
Austria,austria,David Alaba,david-alaba,DEFENSORES,CB,[],Q31981,David Alaba,Austrian footballer (born 1992),matched,1992-06-24,180,Real Madrid Club de Fútbol,,false,42,61,86,11,80
Austria,austria,Kevin Danso,kevin-danso,DEFENSORES,CB,[],Q28868192,Kevin Danso,Austrian association football player (born 1998),matched,1998-09-19,190,Reading F.C.,,false,36,55,80,5,74
Austria,austria,Marco Friedl,marco-friedl,DEFENSORES,CB,[],Q28692516,Marco Friedl,Austrian footballer,matched,1998-03-16,187,SV Werder Bremen,,false,38,57,82,7,76
Austria,austria,Philipp Lienhart,philipp-lienhart,DEFENSORES,CB,[],Q20078774,Philipp Lienhart,Austrian association football player (born 1996),matched,1996-07-11,189,SC Freiburg,,false,37,56,81,6,75
Austria,austria,Phillipp Mwene,phillipp-mwene,DEFENSORES,CB,[],Q11634138,Philipp Mwene,Austrian association football player,matched,1994-01-29,170,FK Austria Wien,,false,38,57,82,7,76
Austria,austria,Stefan Posch,stefan-posch,DEFENSORES,CB,[],Q41447930,Stefan Posch,Austrian association football player,matched,1997-05-14,189,TSG 1899 Hoffenheim,,false,39,58,83,8,77
Austria,austria,Alexander Prass,alexander-prass,DEFENSORES,CB,"[""LB"",""RB""]",Q62006510,Alexander Prass,Austrian association football player,matched,2001-05-26,180,FC Liefering,,false,38,57,82,7,76
Austria,austria,Michael Svoboda,michael-svoboda,DEFENSORES,CB,[],Q55813157,Michael Svoboda,Austrian association football player (1998-),matched,1998-10-15,195,SV Schwechat,,false,37,56,81,6,75
Austria,austria,Christoph Baumgartner,christoph-baumgartner,MEDIOCAMPISTAS,CM,[],Q55999670,Christoph Baumgartner,Austrian association football player (born 1999),matched,1999-08-01,178,SKN St. Pölten,,false,59,80,61,6,78
Austria,austria,Carney Chukwuemeka,carney-chukwuemeka,MEDIOCAMPISTAS,CM,[],Q106915801,Carney Chukwuemeka,Austrian association football player (born 2003),matched,2003-10-20,187,Borussia Dortmund,,false,64,85,66,11,83
Austria,austria,Florian Grillitsch,florian-grillitsch,MEDIOCAMPISTAS,CM,[],Q20752635,Florian Grillitsch,Austrian association football player,matched,1995-08-07,186,S.C. Braga,,false,63,84,65,10,82
Austria,austria,Konrad Laimer,konrad-laimer,MEDIOCAMPISTAS,CM,[],Q18670270,Konrad Laimer,Austrian footballer (born 1997),matched,1997-05-27,179,FC Bayern Munich,,false,64,85,66,11,83
Austria,austria,Marcel Sabitzer,marcel-sabitzer,MEDIOCAMPISTAS,CM,"[""CDM"",""CAM""]",Q472300,Marcel Sabitzer,Austrian footballer,matched,1994-03-17,176,Borussia Dortmund,,false,66,87,68,13,85
Austria,austria,Xaver Schlager,xaver-schlager,MEDIOCAMPISTAS,CM,[],Q20190657,Xaver Schlager,Austrian association football player,matched,1997-09-28,174,RB Leipzig,,false,63,84,65,10,82
Austria,austria,Romano Schmid,romano-schmid,MEDIOCAMPISTAS,CM,[],Q30080273,Romano Schmid,Austrian association football player,matched,2000-01-27,168,SV Werder Bremen,,false,62,83,64,9,81
Austria,austria,Alessandro Schöpf,alessandro-schopf,MEDIOCAMPISTAS,CM,[],Q16528455,Alessandro Schöpf,Austrian footballer (born 1994),matched,1994-02-07,178,Schalke 04,,false,56,77,58,3,75
Austria,austria,Nicolas Seiwald,nicolas-seiwald,MEDIOCAMPISTAS,CM,[],Q64010197,Nicolas Seiwald,Austrian association football player,matched,2001-05-04,179,RB Leipzig,,false,62,83,64,9,81
Austria,austria,Paul Wanner,paul-wanner,MEDIOCAMPISTAS,CM,[],Q110463620,Paul Wanner,Austrian association football player (born 2005),matched,2005-12-23,185,FC Bayern Munich,,false,62,83,64,9,81
Austria,austria,Patrick Wimmer,patrick-wimmer,MEDIOCAMPISTAS,CM,"[""CDM"",""CAM""]",Q65948837,Patrick Wimmer,Austrian association football player,matched,2001-05-30,182,VfL Wolfsburg,,false,62,83,64,9,81
Austria,austria,Marko Arnautovic,marko-arnautovic,DELANTEROS,ST,"[""LW"",""RW""]",Q313575,Marko Arnautović,Austrian association football player (born 1989),matched,1989-04-19,189,FK Crvena zvezda,,false,88,63,31,8,83
Austria,austria,Michael Gregoritsch,michael-gregoritsch,DELANTEROS,ST,[],Q699094,Michael Gregoritsch,Austrian association football player (born 1994),matched,1994-04-18,194,Brøndby IF,,false,87,62,30,7,82
Austria,austria,Sasa Kalajdzic,sasa-kalajdzic,DELANTEROS,ST,"[""LW"",""RW""]",Q34058084,Sasa Kalajdzic,Austrian association football player,matched,1997-07-07,200,First Vienna FC,,false,87,62,30,7,82
Argelia,argelia,Luca Zidane,luca-zidane,ARQUEROS,GK,[],Q19952334,Luca Zidane,Algerian footballer (born 1998),matched,1998-05-13,183,Granada CF,,false,10,20,32,81,74
Argelia,argelia,Oussama Benbot,oussama-benbot,ARQUEROS,GK,[],Q84601192,Oussama Benbot,Algerian footballer,matched,1994-10-11,188,JS Kabylie,,false,12,22,34,83,76
Argelia,argelia,Melvin Mastil,melvin-mastil,ARQUEROS,GK,[],Q105846503,Melvin Mastil,French association football player,matched,2000-02-19,,,,false,8,18,30,79,72
Argelia,argelia,Abdelatif Ramdane,abdelatif-ramdane,ARQUEROS,GK,[],Q126437776,Abdelatif Ramdane,Algerian footballer (born 2001),matched,2001-01-01,,,,false,10,20,32,81,74
Argelia,argelia,Rafik Belghali,rafik-belghali,DEFENSORES,CB,"[""LB"",""RB""]",Q106030853,Rafik Belghali,Belgian association football player,matched,2002-06-07,186,Lommel SK,,false,38,57,82,7,76
Argelia,argelia,Samir Chergui,samir-chergui,DEFENSORES,CB,"[""LB"",""RB""]",Q104745615,Samir Chergui,Algerian football player,matched,1999-02-06,185,,,false,31,50,75,1,69
Argelia,argelia,Rayan Aït-Nouri,rayan-ait-nouri,DEFENSORES,CB,[],Q50825738,Rayan Aït-Nouri,Algerian-French footballer (born 2001),matched,2001-06-06,180,Wolverhampton Wanderers F.C.,,false,38,57,82,7,76
Argelia,argelia,Jaouen Hadjam,jaouen-hadjam,DEFENSORES,CB,[],Q98561102,Jaouen Hadjam,French and Algerian footballer,matched,2003-03-26,184,BSC Young Boys,,false,41,60,85,10,79
Argelia,argelia,Aïssa Mandi,aissa-mandi,DEFENSORES,CB,[],Q2876432,Aïssa Mandi,Algerian association football player,matched,1991-10-22,186,Villarreal CF,,false,41,60,85,10,79
Argelia,argelia,Ramy Bensebaini,ramy-bensebaini,DEFENSORES,CB,[],Q17484446,Ramy Bensebaini,Algerian footballer (born 1995),matched,1995-04-16,188,Borussia Mönchengladbach,,false,37,56,81,6,75
Argelia,argelia,Zineddine Belaïd,zineddine-belaid,DEFENSORES,CB,[],Q100273072,Zineddine Belaïd,Algerian footballer,matched,1999-03-20,187,,,false,31,50,75,1,69
Argelia,argelia,Achref Abada,achref-abada,DEFENSORES,CB,[],Q136462891,Achref Abada,Algerian footballer (born 1999),matched,1999-06-15,,,,false,31,50,75,1,69
Argelia,argelia,Mohamed Amine Tougai,mohamed-amine-tougai,DEFENSORES,CB,[],Q81659662,Mohamed Amine Tougai,Algerian football player,matched,2000-01-22,,NA Hussein Dey,,false,36,55,80,5,74
Argelia,argelia,Nabil Bentaleb,nabil-bentaleb,MEDIOCAMPISTAS,CM,[],Q15410320,Nabil Bentaleb,Algerian and French footballer,matched,1994-11-24,187,Tottenham Hotspur F.C.,,false,65,86,67,12,84
Argelia,argelia,Hicham Boudaoui,hicham-boudaoui,MEDIOCAMPISTAS,CM,[],Q59306433,Hicham Boudaoui,Algerian footballer,matched,1999-09-23,175,Paradou AC,,false,57,78,59,4,76
Argelia,argelia,Houssem Aouar,houssem-aouar,MEDIOCAMPISTAS,CM,[],Q27927442,Houssem Aouar,Algerian-French footballer (born 1998),matched,1998-06-30,175,AS Roma,,false,60,81,62,7,79
Argelia,argelia,Farès Chaïbi,fares-chaibi,MEDIOCAMPISTAS,CM,"[""CDM"",""CAM""]",Q113474248,Farès Chaïbi,Algerian and French footballer,matched,2002-11-28,183,,,false,54,75,56,1,73
Argelia,argelia,Ibrahim Maza,ibrahim-maza,MEDIOCAMPISTAS,CM,"[""CDM"",""CAM""]",Q118118504,Ibrahim Maza,Algerian-German footballer,matched,2005-11-24,177,,,false,49,70,51,1,68
Argelia,argelia,Yacine Titraoui,yacine-titraoui,MEDIOCAMPISTAS,CM,"[""CDM"",""CAM""]",Q109986890,Yacine Titraoui,Algerian footballer,matched,2003-08-26,,,,false,52,73,54,1,71
Argelia,argelia,Ramiz Zerrouki,ramiz-zerrouki,MEDIOCAMPISTAS,CM,[],Q73149048,Ramiz Zerrouki,Algerian association football player,matched,1998-05-26,183,,,false,52,73,54,1,71
Argelia,argelia,Mohamed Amoura,mohamed-amoura,DELANTEROS,ST,"[""LW"",""RW""]",Q107285723,Mohamed Amoura,Algerian footballer,matched,2000-05-09,168,Royale Union Saint-Gilloise,,false,88,63,31,8,83
Argelia,argelia,Nadhir Benbouali,nadhir-benbouali,DELANTEROS,ST,[],Q112654639,Ahmed Nadhir Benbouali,Algerian footballer (born 2000),matched,2000-04-17,190,,,false,79,54,22,1,74
Argelia,argelia,Adil Boulbina,adil-boulbina,DELANTEROS,ST,[],Q112654481,Adel Boulbina,Algerian footballer,matched,2003-05-02,177,,,false,79,54,22,1,74
Argelia,argelia,Farès Ghedjemis,fares-ghedjemis,DELANTEROS,ST,"[""LW"",""RW""]",Q124151324,Farès Ghedjemis,French professional footballer,matched,2002-09-06,180,,,false,79,54,22,1,74
Argelia,argelia,Amine Gouiri,amine-gouiri,DELANTEROS,ST,[],Q30045780,Amine Gouiri,Algerian and French footballer,matched,2000-02-16,180,OGC Nice,,false,91,66,34,11,86
Argelia,argelia,Anis Hadj Moussa,anis-hadj-moussa,DELANTEROS,ST,"[""LW"",""RW""]",Q121946144,Anis Hadj Moussa,Algerian footballer (born 2002),matched,2002-02-11,176,,,false,82,57,25,2,77
Argelia,argelia,Riyad Mahrez,riyad-mahrez,DELANTEROS,ST,"[""LW"",""RW""]",Q8338725,Riyad Mahrez,Algerian-French footballer (born 1991),matched,1991-02-21,181,Al Ahli FC,,false,78,53,21,1,73
Jordania,jordania,Yazid Abulaila,yazid-abulaila,ARQUEROS,GK,[],,,,unmatched,,,,,false,9,19,31,80,73
Jordania,jordania,Abdallah Al Fakhouri,abdallah-al-fakhouri,ARQUEROS,GK,[],Q60048828,Abdallah Al-Fakhouri,Jordanian professional footballer,matched,2000-01-22,,Al-Wehdat SC,,false,9,19,31,80,73
Jordania,jordania,Noureddin Bani Attiah,noureddin-bani-attiah,ARQUEROS,GK,[],,,,unmatched,,,,,false,9,19,31,80,73
Jordania,jordania,Mohammad Abualnadi,mohammad-abualnadi,DEFENSORES,CB,"[""LB"",""RB""]",,,,unmatched,,,,,false,32,51,76,1,70
Jordania,jordania,Husam Abu Dahab,husam-abu-dahab,DEFENSORES,CB,[],Q130244944,Husam Abu Dahab,Jordanian footballer,matched,2000-05-13,186,Al-Faisaly SC,,false,36,55,80,5,74
Jordania,jordania,Mohannad Abu Taha,mohannad-abu-taha,DEFENSORES,CB,"[""LB"",""RB""]",Q124397380,Mohannad Abu Taha,Jordanian footballer,matched,2003-02-02,177,Al-Quwa Al-Jawiya,,false,34,53,78,3,72
Jordania,jordania,Yazan Al Arab,yazan-al-arab,DEFENSORES,CB,"[""LB"",""RB""]",,,,unmatched,,,,,false,32,51,76,1,70
Jordania,jordania,Saed Al Rosan,saed-al-rosan,DEFENSORES,CB,"[""LB"",""RB""]",Q130210573,Saed Al-Rosan,Jordanian footballer,matched,1997-02-01,,,,false,33,52,77,2,71
Jordania,jordania,Anas Badawi,anas-badawi,DEFENSORES,CB,"[""LB"",""RB""]",Q135971385,Anas Badawi,Jordanian footballer,matched,1997-09-13,,,,false,31,50,75,1,69
Jordania,jordania,Abdallah Nasib,abdallah-nasib,DEFENSORES,CB,[],Q124242129,Abdallah Nasib,Jordanian professional footballer,matched,1994-02-25,184,Al-Hussein SC,,false,33,52,77,2,71
Jordania,jordania,Ihsan Haddad,ihsan-haddad,DEFENSORES,CB,"[""LB"",""RB""]",Q16236181,Ihsan Haddad,footballer,matched,1994-02-05,181,Al-Faisaly SC,,false,35,54,79,4,73
Jordania,jordania,Saleem Obaid,saleem-obaid,DEFENSORES,CB,"[""LB"",""RB""]",,,,unmatched,,,,,false,33,52,77,2,71
Jordania,jordania,Mohammad Taha,mohammad-taha,DEFENSORES,CB,"[""LB"",""RB""]",Q135287344,Mohammad Taha,Jordanian footballer,matched,2005-07-13,,,,false,27,46,71,1,65
Jordania,jordania,Mohammad Al Dawoud,mohammad-al-dawoud,MEDIOCAMPISTAS,CM,"[""CDM"",""CAM""]",,,,unmatched,,,,,false,55,76,57,2,74
Jordania,jordania,Nizar Al Rashdan,nizar-al-rashdan,MEDIOCAMPISTAS,CDM,[],Q124302622,Nizar Al-Rashdan,Jordanian professional footballer,matched,1999-03-23,185,Al-Zawra'a SC,,false,47,76,68,4,75
Jordania,jordania,Noor Al Rawabdeh,noor-al-rawabdeh,MEDIOCAMPISTAS,CM,[],Q106173174,Noor Al-Rawabdeh,Jordanian footballer,matched,1997-02-24,182,Selangor F.C.,,false,59,80,61,6,78
Jordania,jordania,Rajaei Ayed,rajaei-ayed,MEDIOCAMPISTAS,CM,[],Q15983763,Raja'i Ayed,Jordanian footballer,matched,1993-07-25,,Al-Wehdat SC,,false,54,75,56,1,73
Jordania,jordania,Amer Jamous,amer-jamous,MEDIOCAMPISTAS,CM,"[""CDM"",""CAM""]",Q130495887,Amer Jamous,Jordanian footballer,matched,2002-07-03,174,,,false,52,73,54,1,71
Jordania,jordania,Yousef Qashi,yousef-qashi,MEDIOCAMPISTAS,CM,"[""CDM"",""CAM""]",Q131100987,Yousef Qashi,Jordanian footballer (born 2005),matched,2005-04-15,,,,false,54,75,56,1,73
Jordania,jordania,Ibrahim Sadeh,ibrahim-sadeh,MEDIOCAMPISTAS,CM,[],Q106173160,Ibrahim Sadeh,Jordanian footballer,matched,2000-04-27,181,Al-Khor Sports Club,,false,57,78,59,4,76
Jordania,jordania,Mohammad Abu Zraiq,mohammad-abu-zraiq,DELANTEROS,ST,"[""LW"",""RW""]",,,,unmatched,,,,,false,80,55,23,1,75
Jordania,jordania,Mousa Al Tamari,mousa-al-tamari,DELANTEROS,ST,"[""LW"",""RW""]",Q27909473,Musa Al-Taamari,Jordanian footballer,matched,1997-06-10,178,APOEL F.C.,,false,84,59,27,4,79
Jordania,jordania,Ali Azaizeh,ali-azaizeh,DELANTEROS,ST,"[""LW"",""RW""]",Q131822292,Ali Al-Azaizeh,Jordanian footballer (born 2004),matched,2004-04-13,,,,false,80,55,23,1,75
Jordania,jordania,Odeh Fakhoury,odeh-fakhoury,DELANTEROS,ST,"[""LW"",""RW""]",,,,unmatched,,,,,false,78,53,21,1,73
Jordania,jordania,Ali Olwan,ali-olwan,DELANTEROS,ST,[],Q107130635,Ali Olwan,Jordanian footballer,matched,2000-03-26,183,Al-Karma SC,,false,82,57,25,2,77
Jordania,jordania,Ibrahim Sabra,ibrahim-sabra,DELANTEROS,ST,"[""LW"",""RW""]",Q123203666,Ibrahim Sabrah,Jordanian association football player,matched,2006-02-01,184,Göztepe S.K.,,false,83,58,26,3,78
Portugal,portugal,Diogo Costa,diogo-costa,ARQUEROS,GK,[],Q26255578,Diogo Costa,Portuguese footballer (born 1999),matched,1999-09-19,192,FC Porto,,false,16,26,38,87,80
Portugal,portugal,José Sá,jose-sa,ARQUEROS,GK,[],,,,unmatched,,,,,false,7,17,29,78,71
Portugal,portugal,Rui Silva,rui-silva,ARQUEROS,GK,[],,,,unmatched,,,,,false,9,19,31,80,73
Portugal,portugal,Ricardo Velho,ricardo-velho,ARQUEROS,GK,[],Q38182359,Ricardo Velho,association football player,matched,1998-08-20,188,S.C. Braga,,false,15,25,37,86,79
Portugal,portugal,Diogo Dalot,diogo-dalot,DEFENSORES,CB,[],Q26255506,Diogo Dalot,Portuguese footballer (born 1999),matched,1999-03-18,185,FC Porto,,false,42,61,86,11,80
Portugal,portugal,Nélson Semedo,nelson-semedo,DEFENSORES,CB,[],Q16235823,Nélson Semedo,Portuguese footballer (born 1993),matched,1993-11-16,177,Fenerbahçe Istanbul,,false,35,54,79,4,73
Portugal,portugal,Joao Cancelo,joao-cancelo,DEFENSORES,CB,[],Q6298063,João Cancelo,Portuguese footballer (born 1994),matched,1994-05-27,182,Al Hilal SFC,,false,31,50,75,1,69
Portugal,portugal,Nuno Mendes,nuno-mendes,DEFENSORES,CB,[],Q96396963,Nuno Mendes,Portuguese footballer (born 2002),matched,2002-06-19,183,Paris Saint-Germain FC,,false,42,61,86,11,80
Portugal,portugal,Goncalo Inácio,goncalo-inacio,DEFENSORES,CB,[],Q99955331,Gonçalo Inácio,Portuguese footballer (born 2001),matched,2001-08-25,185,Sporting CP,,false,39,58,83,8,77
Portugal,portugal,Renato Veiga,renato-veiga,DEFENSORES,CB,"[""LB"",""RB""]",Q116700351,Renato Veiga,Portuguese footballer (born 2003),matched,2003-07-29,190,,,false,31,50,75,1,69
Portugal,portugal,Rúben Dias,ruben-dias,DEFENSORES,CB,[],Q21621168,Rúben Dias,Portuguese footballer (born 1997),matched,1997-05-14,186,Manchester City F.C.,,false,43,62,87,12,81
Portugal,portugal,Tomás Araújo,tomas-araujo,DEFENSORES,CB,"[""LB"",""RB""]",Q99617294,Tomás Araújo,Portuguese footballer (born 2002),matched,2002-05-16,187,,,false,30,49,74,1,68
Portugal,portugal,Rúben Neves,ruben-neves,MEDIOCAMPISTAS,CM,[],Q17486599,Rúben Neves,Portuguese footballer (born 1997),matched,1997-03-13,185,Portugal men's national football team,,false,55,76,57,2,74
Portugal,portugal,Matheus Nunes,matheus-nunes,MEDIOCAMPISTAS,CM,"[""CDM"",""CAM""]",Q126203764,Matheus Nunes,Brazilian footballer,matched,2003-05-05,,,,false,53,74,55,1,72
Portugal,portugal,Samú Costa,samu-costa,MEDIOCAMPISTAS,CM,[],Q97441426,Samú Costa,Portuguese footballer (born 2000),matched,2000-11-27,185,,,false,52,73,54,1,71
Portugal,portugal,Joao Neves,joao-neves,MEDIOCAMPISTAS,CDM,[],Q113551733,João Neves,Portuguese footballer (born 2004),matched,2004-09-27,174,Paris Saint-Germain FC,,false,54,83,75,11,82
Portugal,portugal,Vitinha,vitinha,MEDIOCAMPISTAS,CM,"[""CDM"",""CAM""]",Q105944494,Vitinha,Portuguese footballer,matched,1999-01-30,,,,false,55,76,57,2,74
Portugal,portugal,Bruno Fernandes,bruno-fernandes,MEDIOCAMPISTAS,CM,[],Q4979316,Bruno Fernandes,Portuguese association football player (born 1994),matched,1994-09-08,179,Manchester United F.C.,,false,65,86,67,12,84
Portugal,portugal,Bernardo Silva,bernardo-silva,MEDIOCAMPISTAS,CM,"[""CDM"",""CAM""]",Q106075808,Bernardo Silva,Portuguese association football player (2001-),matched,2001-05-31,,,,false,54,75,56,1,73
Portugal,portugal,João Félix,joao-felix,DELANTEROS,ST,"[""LW"",""RW""]",Q131399506,João Félix,Portuguese association football player (born 2003),matched,2003-01-23,,L.G.C. Moncarapachense,,false,86,61,29,6,81
Portugal,portugal,Francisco Trincao,francisco-trincao,DELANTEROS,ST,[],Q24084271,Francisco Trincão,Portuguese footballer (born 1999),matched,1999-12-29,186,Sporting CP,,false,89,64,32,9,84
Portugal,portugal,Francisco Conceicao,francisco-conceicao,DELANTEROS,RW,[],Q99617367,Francisco Conceição,Portuguese footballer (born 2002),matched,2002-12-14,170,Juventus FC,,false,78,66,31,2,76
Portugal,portugal,Pedro Neto,pedro-neto,DELANTEROS,ST,"[""LW"",""RW""]",Q30036972,Pedro Neto,Portuguese footballer (born 2000),matched,2000-03-09,173,Chelsea F.C.,,false,95,70,38,15,90
Portugal,portugal,Rafael Leao,rafael-leao,DELANTEROS,ST,[],Q30055335,Rafael Leão,Portuguese footballer (born 1999),matched,1999-06-10,188,AC Milan,,false,91,66,34,11,86
Portugal,portugal,Goncalo Guedes,goncalo-guedes,DELANTEROS,ST,[],Q16729477,Gonçalo Guedes,Portuguese footballer (born 1996),matched,1996-11-29,178,Real Sociedad,,false,90,65,33,10,85
Portugal,portugal,Goncalo Ramos,goncalo-ramos,DELANTEROS,ST,[],Q60621615,Gonçalo Ramos,Portuguese footballer (born 2001),matched,2001-06-20,185,Paris Saint-Germain FC,,false,91,66,34,11,86
Portugal,portugal,Cristiano Ronaldo,cristiano-ronaldo,DELANTEROS,ST,[],Q11571,Cristiano Ronaldo,Portuguese association football player (born 1985) who play for al nassar fc,matched,1985-02-05,185,Al-Nassr,,false,81,56,24,1,76
Colombia,colombia,Camilo Vargas,camilo-vargas,ARQUEROS,GK,[],Q5026758,Camilo Vargas,Colombian association football player,matched,1989-03-09,185,Argentinos Juniors,,false,8,18,30,79,72
Colombia,colombia,David Ospina,david-ospina,ARQUEROS,GK,[],Q436987,David Ospina,Colombian association football player,matched,1988-08-31,183,Atlético Nacional,,false,5,15,27,76,69
Colombia,colombia,Álvaro Montero,alvaro-montero,ARQUEROS,GK,[],Q16232790,Álvaro Montero,Spanish footballer,matched,1989-11-05,,UD Almería B,,false,7,17,29,78,71
Colombia,colombia,Daniel Muñoz,daniel-munoz,DEFENSORES,CB,[],Q56703599,Daniel Muñoz,Colombian association football player,matched,1996-05-25,180,Crystal Palace F.C.,,false,38,57,82,7,76
Colombia,colombia,Santiago Arias,santiago-arias,DEFENSORES,CB,[],Q2502118,Santiago Arias,Colombian association football player,matched,1992-01-13,175,Club Atlético Independiente,,false,31,50,75,1,69
Colombia,colombia,Yerry Mina,yerry-mina,DEFENSORES,CB,[],Q16648816,Yerry Mina,Colombian association football player,matched,1994-09-23,195,Cagliari Calcio,,false,36,55,80,5,74
Colombia,colombia,Davinson Sánchez,davinson-sanchez,DEFENSORES,CB,[],Q20737387,Dávinson Sánchez,Colombian footballer,matched,1996-06-12,188,Atlético Nacional,,false,34,53,78,3,72
Colombia,colombia,Jhon Lucumí,jhon-lucumi,DEFENSORES,CB,[],Q21573188,Jhon Lucumí,Colombian association football player,matched,1998-06-26,187,Deportivo Cali,,false,32,51,76,1,70
Colombia,colombia,Willer Ditta,willer-ditta,DEFENSORES,CB,"[""LB"",""RB""]",Q79880395,Willer Ditta,Colombian association football player,matched,1997-01-23,180,Junior de Barranquilla,,false,32,51,76,1,70
Colombia,colombia,Yohan Mojica,yohan-mojica,DEFENSORES,CB,"[""LB"",""RB""]",,,,unmatched,,,,,false,33,52,77,2,71
Colombia,colombia,Déiver Machado,deiver-machado,DEFENSORES,CB,[],Q19266811,Déiver Machado,Colombian footballer,matched,1993-09-02,172,Millonarios,,false,35,54,79,4,73
Colombia,colombia,Richard Ríos,richard-rios,MEDIOCAMPISTAS,CM,"[""CDM"",""CAM""]",Q6108696,Richard Ríos,Bolivian association football player,matched,1986-06-11,,Club Universitario,,false,54,75,56,1,73
Colombia,colombia,Jefferson Lerma,jefferson-lerma,MEDIOCAMPISTAS,CM,[],Q16300824,Jefferson Lerma,Colombian association football player,matched,1994-10-25,179,Crystal Palace F.C.,,false,61,82,63,8,80
Colombia,colombia,Gustavo Puerta,gustavo-puerta,MEDIOCAMPISTAS,CM,[],Q116447721,Gustavo Puerta,Colombian footballer (born 2003),matched,2003-07-23,172,Bayer 04 Leverkusen,,false,67,88,69,14,86
Colombia,colombia,Kevin Castaño,kevin-castano,MEDIOCAMPISTAS,CM,[],Q117289166,Kevin Castaño,Colombian footballer,matched,2000-09-29,177,FC Krasnodar,,false,59,80,61,6,78
Colombia,colombia,Jhon Arias,jhon-arias,MEDIOCAMPISTAS,CM,[],Q65378670,Jhon Arias,Colombian footballer,matched,1997-09-21,168,Sociedade Esportiva Palmeiras,,false,58,79,60,5,77
Colombia,colombia,James Rodríguez,james-rodriguez,MEDIOCAMPISTAS,CM,"[""CDM"",""CAM""]",Q368441,James Rodríguez,Colombian association football player,matched,1991-07-12,180,Minnesota United FC,,false,57,78,59,4,76
Colombia,colombia,Juan Fernando Quintero,juan-fernando-quintero,MEDIOCAMPISTAS,CM,[],Q2092409,Juan Fernando Quintero,Colombian association football player,matched,1993-01-18,169,Club Atlético River Plate,,false,56,77,58,3,75
Colombia,colombia,Jorge Carrascal,jorge-carrascal,MEDIOCAMPISTAS,CM,"[""CDM"",""CAM""]",Q19362872,Jorge Carrascal,Colombian football player,matched,1998-05-25,180,Sevilla Atlético,,false,56,77,58,3,75
Colombia,colombia,Juan Camilo Portilla,juan-camilo-portilla,MEDIOCAMPISTAS,CM,"[""CDM"",""CAM""]",,,,unmatched,,,,,false,55,76,57,2,74
Colombia,colombia,Luis Díaz,luis-diaz,DELANTEROS,LW,[],Q28531111,Luis Díaz,Colombian association football player (born 1997),matched,1997-01-13,178,FC Bayern Munich,,false,90,78,43,14,88
Colombia,colombia,Luis Suárez,luis-suarez,DELANTEROS,ST,[],Q26517,Luis Suárez,Uruguayan association football player,matched,1987-01-24,182,Inter Miami CF,,false,79,54,22,1,74
Colombia,colombia,Carlos Gómez,carlos-gomez,DELANTEROS,ST,"[""LW"",""RW""]",Q60840457,Carlos Gómez,Peruvian footballer,matched,1997-09-18,185,Club Alianza Lima,,false,83,58,26,3,78
Colombia,colombia,Jaminton Campaz,jaminton-campaz,DELANTEROS,ST,"[""LW"",""RW""]",Q30050934,Jaminton Campaz,Colombian soccer player,matched,2000-05-24,165,Grêmio FBPA,,false,84,59,27,4,79
Colombia,colombia,Jhon Córdoba,jhon-cordoba,DELANTEROS,ST,[],Q209847,Jhon Córdoba,Colombian footballer,matched,1993-05-11,188,1. FSV Mainz 05,,false,86,61,29,6,81
Colombia,colombia,Juan Camilo Hernández,juan-camilo-hernandez,DELANTEROS,ST,"[""LW"",""RW""]",Q5948085,Juan Camilo Hernández,Colombian footballer (1993),matched,1993-04-20,,Atlético de Cali,,false,86,61,29,6,81
República Democrática Del Congo,republica-democratica-del-congo,Lionel Mpasi,lionel-mpasi,ARQUEROS,GK,[],Q86041826,Lionnel Mpasi,DR Congolese and French association football player,matched,1994-08-01,182,,,false,8,18,30,79,72
República Democrática Del Congo,republica-democratica-del-congo,Timothy Fayulu,timothy-fayulu,ARQUEROS,GK,[],Q65680079,Timothy Fayulu,Swiss footballer,matched,1999-07-24,192,FC Sion,,false,10,20,32,81,74
República Democrática Del Congo,republica-democratica-del-congo,Mattieu Epolo,mattieu-epolo,ARQUEROS,GK,[],,,,unmatched,,,,,false,9,19,31,80,73
República Democrática Del Congo,republica-democratica-del-congo,Chancel Mbemba,chancel-mbemba,DEFENSORES,CB,[],Q3196721,Chancel Mbemba,Congolese association football player,matched,1994-08-08,182,Newcastle United F.C.,,false,39,58,83,8,77
República Democrática Del Congo,republica-democratica-del-congo,Axel Tuanzebe,axel-tuanzebe,DEFENSORES,CB,[],Q27019988,Axel Tuanzebe,English association football player,matched,1997-11-14,185,Manchester United F.C.,,false,43,62,87,12,81
República Democrática Del Congo,republica-democratica-del-congo,Aaron Tshibola,aaron-tshibola,DEFENSORES,CB,"[""LB"",""RB""]",Q18128872,Aaron Tshibola,association football player (born 1995),matched,1995-01-02,191,Reading F.C.,,false,37,56,81,6,75
República Democrática Del Congo,republica-democratica-del-congo,Steve Kapuadi,steve-kapuadi,DEFENSORES,CB,"[""LB"",""RB""]",Q85291597,Steve Kapuadi,French footballer,matched,1998-04-30,193,FK Inter Bratislava,,false,35,54,79,4,73
República Democrática Del Congo,republica-democratica-del-congo,Dylan Batubinsika,dylan-batubinsika,DEFENSORES,CB,[],Q34360045,Dylan Batubinsika,Congolese international footballer who plays as a central defender for AS Saint-Étienne,matched,1996-02-15,184,Royal Antwerp F.C.,,false,40,59,84,9,78
República Democrática Del Congo,republica-democratica-del-congo,Aaron Wan-Bissaka,aaron-wan-bissaka,DEFENSORES,CB,[],Q50137347,Aaron Wan-Bissaka,DR Congo footballer (born 1997),matched,1997-11-26,183,West Ham United F.C.,,false,41,60,85,10,79
República Democrática Del Congo,republica-democratica-del-congo,Gédéon Kalulu,gedeon-kalulu,DEFENSORES,CB,[],Q66528692,Gédéon Kalulu,DR Congolese footballer,matched,1997-08-29,178,Football Bourg-en-Bresse Péronnas 01,,false,36,55,80,5,74
República Democrática Del Congo,republica-democratica-del-congo,Arthur Masuaku,arthur-masuaku,DEFENSORES,CB,[],Q16010783,Arthur Masuaku,DR Congolese and French footballer,matched,1993-11-07,179,Olympiacos F.C.,,false,40,59,84,9,78
República Democrática Del Congo,republica-democratica-del-congo,Joris Kayembe,joris-kayembe,DEFENSORES,CB,"[""LB"",""RB""]",Q16979997,Joris Kayembe,Congolese and Belgian footballer,matched,1994-08-08,180,Rio Ave F.C.,,false,40,59,84,9,78
República Democrática Del Congo,republica-democratica-del-congo,Noah Sadiki,noah-sadiki,MEDIOCAMPISTAS,CM,"[""CDM"",""CAM""]",Q112112992,Noah Sadiki,Congolese footballer,matched,2004-12-17,173,Royale Union Saint-Gilloise,,false,59,80,61,6,78
República Democrática Del Congo,republica-democratica-del-congo,Charles Pickel,charles-pickel,MEDIOCAMPISTAS,CM,"[""CDM"",""CAM""]",Q24256738,Charles Pickel,Congolese international footballer. He plays as a defensive midfielder for US Cremonese,matched,1997-05-15,180,RCD Espanyol de Barcelona,,false,58,79,60,5,77
República Democrática Del Congo,republica-democratica-del-congo,Samuel Moutussamy,samuel-moutussamy,MEDIOCAMPISTAS,CM,"[""CDM"",""CAM""]",,,,unmatched,,,,,false,53,74,55,1,72
República Democrática Del Congo,republica-democratica-del-congo,Ngal’ayel Mukau,ngal-ayel-mukau,MEDIOCAMPISTAS,CM,"[""CDM"",""CAM""]",Q116151074,Ngal'ayel Mukau,"Congolese international footballer, who plays as a midfielder for LOSC Lille",matched,2004-11-03,186,,,false,52,73,54,1,71
República Democrática Del Congo,republica-democratica-del-congo,Edo Kayembe,edo-kayembe,MEDIOCAMPISTAS,CM,[],Q46699047,Edo Kayembe,Congolese association football player,matched,1998-08-03,183,K.A.S. Eupen,,false,60,81,62,7,79
República Democrática Del Congo,republica-democratica-del-congo,Nathanael Mbuku,nathanael-mbuku,MEDIOCAMPISTAS,CM,"[""CDM"",""CAM""]",Q66363768,Nathanaël Mbuku,Congolese international footballer who plays as a striker for Dinamo Zagreb,matched,2002-03-16,170,Stade de Reims,,false,61,82,63,8,80
República Democrática Del Congo,republica-democratica-del-congo,Brian Cipenga,brian-cipenga,MEDIOCAMPISTAS,CM,"[""CDM"",""CAM""]",Q127271091,Brian Cipenga,Congolese footballer (born 1998),matched,1998-01-01,172,,,false,52,73,54,1,71
República Democrática Del Congo,republica-democratica-del-congo,Gaël Kakuta,gael-kakuta,MEDIOCAMPISTAS,CM,"[""CDM"",""CAM""]",Q299703,Gaël Kakuta,Congolese-French footballer (born 1991),matched,1991-06-21,173,Hebei F.C.,,false,53,74,55,1,72
República Democrática Del Congo,republica-democratica-del-congo,Meschack Elía,meschack-elia,MEDIOCAMPISTAS,CM,"[""CDM"",""CAM""]",Q22162731,Elia Meschak,Congolese association football player,matched,1997-08-06,173,DR Congo men's national football team,,false,60,81,62,7,79
República Democrática Del Congo,republica-democratica-del-congo,Théo Bongonda,theo-bongonda,MEDIOCAMPISTAS,CM,"[""CDM"",""CAM""]",Q14948183,Theo Bongonda,"Congolese international footballer, of Belgian origin2, who plays the post of attacker at Spartak Moscow",matched,1995-11-20,177,Spartak Moscow,,false,56,77,58,3,75
República Democrática Del Congo,republica-democratica-del-congo,Cédric Bakambu,cedric-bakambu,DELANTEROS,ST,[],Q932982,Cédric Bakambu,Congolese footballer,matched,1991-04-11,183,Olympique de Marseille,,false,85,60,28,5,80
República Democrática Del Congo,republica-democratica-del-congo,Yoane Wissa,yoane-wissa,DELANTEROS,ST,[],Q28101965,Yoane Wissa,Congolese-French footballer (born 1996),matched,1996-09-03,176,Newcastle United F.C.,,false,90,65,33,10,85
República Democrática Del Congo,republica-democratica-del-congo,Fiston Kalala Mayele,fiston-kalala-mayele,DELANTEROS,ST,"[""LW"",""RW""]",Q117287348,Fiston Mayele,Congolese association football player,matched,1994-06-24,185,,,false,78,53,21,1,73
República Democrática Del Congo,republica-democratica-del-congo,Simon Banza,simon-banza,DELANTEROS,ST,"[""LW"",""RW""]",Q23887828,Simon Banza,Congolese international footballer playing as a striker at Trabzonspor on loan from SC Braga,matched,1996-08-13,189,R.C. Lens,,false,82,57,25,2,77
Uzbekistán,uzbekistan,Utkir Yusupov,utkir-yusupov,ARQUEROS,GK,[],Q60298555,Utkir Yusupov,Uzbekistani association football player,matched,1991-01-04,185,Nasaf Qarshi,,false,11,21,33,82,75
Uzbekistán,uzbekistan,Botirali Ergashev,botirali-ergashev,ARQUEROS,GK,[],Q51670751,Botirali Ergashev,association football player (1995-),matched,1995-06-23,,Pakhtakor Tashkent FK,,false,9,19,31,80,73
Uzbekistán,uzbekistan,Abduvokhid Nematov,abduvokhid-nematov,ARQUEROS,GK,[],,,,unmatched,,,,,false,9,19,31,80,73
Uzbekistán,uzbekistan,Abdukodir Khusanov,abdukodir-khusanov,DEFENSORES,CB,[],Q111479885,Abdukodir Khusanov,Uzbek association football player,matched,2004-02-29,186,R.C. Lens,,false,35,54,79,4,73
Uzbekistán,uzbekistan,Khozhiakbar Alizhonov,khozhiakbar-alizhonov,DEFENSORES,CB,"[""LB"",""RB""]",,,,unmatched,,,,,false,31,50,75,1,69
Uzbekistán,uzbekistan,Farrukh Sayfiev,farrukh-sayfiev,DEFENSORES,CB,"[""LB"",""RB""]",Q18753041,Farrukh Sayfiev,Uzbekistani professional footballer,matched,1991-01-17,183,FC Neftchi Fergana,,false,32,51,76,1,70
Uzbekistán,uzbekistan,Rustam Ashurmatov,rustam-ashurmatov,DEFENSORES,CB,[],Q55138415,Rustam Ashurmatov,Uzbekistani association football player,matched,1996-07-07,182,F.C. Bunyodkor,,false,33,52,77,2,71
Uzbekistán,uzbekistan,Sherzod Nasrullaev,sherzod-nasrullaev,DEFENSORES,CB,"[""LB"",""RB""]",Q124101458,Sherzod Nasrullaev,Uzbek footballer,matched,1998-07-23,183,,,false,31,50,75,1,69
Uzbekistán,uzbekistan,Umar Eshmurodov,umar-eshmurodov,DEFENSORES,CB,"[""LB"",""RB""]",Q89047062,Umar Eshmurodov,Uzbekistani footballer,matched,1992-11-30,185,,,false,29,48,73,1,67
Uzbekistán,uzbekistan,Avazbek Ulmasaliev,avazbek-ulmasaliev,DEFENSORES,CB,"[""LB"",""RB""]",Q123995807,Avazbek Ulmasaliev,Uzbekistani footballer,matched,2000-03-27,,FC AGMK,,false,35,54,79,4,73
Uzbekistán,uzbekistan,Jakhongir Urozov,jakhongir-urozov,DEFENSORES,CB,"[""LB"",""RB""]",Q122055800,Jakhongir Urozov,Uzbekistani association football player,matched,2004-01-18,,,,false,31,50,75,1,69
Uzbekistán,uzbekistan,Bekhruz Karimov,bekhruz-karimov,DEFENSORES,CB,"[""LB"",""RB""]",Q131470768,Bekhruz Karimov,Uzbekistani footballer,matched,2007-08-07,,,,false,31,50,75,1,69
Uzbekistán,uzbekistan,Abdulla Abdullaev,abdulla-abdullaev,DEFENSORES,CB,"[""LB"",""RB""]",Q122152591,Abdulla Abdullaev,Uzbekistani footballer,matched,1997-09-01,183,,,false,31,50,75,1,69
Uzbekistán,uzbekistan,Akmal Mozgovoy,akmal-mozgovoy,MEDIOCAMPISTAS,CM,"[""CDM"",""CAM""]",Q99777968,Akmal Mozgovoy,Uzbekistani footballer,matched,1999-04-02,180,,,false,53,74,55,1,72
Uzbekistán,uzbekistan,Otabek Shukurov,otabek-shukurov,MEDIOCAMPISTAS,CM,[],Q26209536,Otabek Shukurov,association football player,matched,1996-06-22,182,F.C. Bunyodkor,,false,58,79,60,5,77
Uzbekistán,uzbekistan,Jamshid Iskanderov,jamshid-iskanderov,MEDIOCAMPISTAS,CM,[],Q16235461,Jamshid Iskanderov,Uzbekistani footballer,matched,1993-10-16,168,FC Neftchi Fergana,,false,59,80,61,6,78
Uzbekistán,uzbekistan,Odildzhon Khamrobekov,odildzhon-khamrobekov,MEDIOCAMPISTAS,CM,"[""CDM"",""CAM""]",,,,unmatched,,,,,false,55,76,57,2,74
Uzbekistán,uzbekistan,Jaloliddin Masharipov,jaloliddin-masharipov,MEDIOCAMPISTAS,CM,[],Q19831829,Jaloliddin Masharipov,Uzbekistani association football player,matched,1993-09-01,178,Pakhtakor Tashkent FK,,false,56,77,58,3,75
Uzbekistán,uzbekistan,Aziz Ganiev,aziz-ganiev,MEDIOCAMPISTAS,CM,"[""CDM"",""CAM""]",,,,unmatched,,,,,false,54,75,56,1,73
Uzbekistán,uzbekistan,Sherzod Esanov,sherzod-esanov,MEDIOCAMPISTAS,CM,[],Q128133456,Sherzod Esanov,Uzbekistani footballer,matched,2003-02-01,,FK Buxoro,,false,57,78,59,4,76
Uzbekistán,uzbekistan,Abbosbek Fayzullaev,abbosbek-fayzullaev,MEDIOCAMPISTAS,CM,[],Q117280421,Abbosbek Fayzullaev,Uzbek footballer (born 2003),matched,2003-10-03,167,İstanbul Başakşehir F.K.,,false,55,76,57,2,74
Uzbekistán,uzbekistan,Eldor Shomurodov,eldor-shomurodov,DELANTEROS,ST,[],Q20641483,Eldor Shomurodov,Uzbekistani association football player,matched,1995-06-29,190,F.C. Bunyodkor,,false,83,58,26,3,78
Uzbekistán,uzbekistan,Igor Sergeev,igor-sergeev,DELANTEROS,ST,[],Q10549264,Igor Sergeev,footballer,matched,1993-04-30,181,Pakhtakor Tashkent FK,,false,86,61,29,6,81
Uzbekistán,uzbekistan,Azizbek Amanov,azizbek-amanov,DELANTEROS,ST,"[""LW"",""RW""]",Q110813058,Azizbek Amonov,Uzbek footballer,matched,1997-10-30,183,,,false,79,54,22,1,74
Uzbekistán,uzbekistan,Oston Urunov,oston-urunov,DELANTEROS,ST,"[""LW"",""RW""]",Q65030956,Oston Urunov,Uzbekistani association football player,matched,2000-12-19,181,Spartak Moscow,,false,83,58,26,3,78
Uzbekistán,uzbekistan,Dostonbek Khamdamov,dostonbek-khamdamov,DELANTEROS,ST,"[""LW"",""RW""]",Q20306806,Dostonbek Khamdamov,Uzbekistani association football player,matched,1996-07-24,178,F.C. Bunyodkor,,false,85,60,28,5,80
Inglaterra,inglaterra,Jordan Pickford,jordan-pickford,ARQUEROS,GK,[],Q13014035,Jordan Pickford,English association football player (born 1994),matched,1994-03-07,185,Everton F.C.,,false,16,26,38,87,80
Inglaterra,inglaterra,Dean Henderson,dean-henderson,ARQUEROS,GK,[],Q28059260,Dean Henderson,English association football player (born 1997),matched,1997-03-12,188,Crystal Palace F.C.,,false,13,23,35,84,77
Inglaterra,inglaterra,James Trafford,james-trafford,ARQUEROS,GK,[],Q107985608,Steppe Trafford,English footballer (born 2002),matched,2002-10-10,197,Manchester City F.C.,,false,19,29,41,90,83
Inglaterra,inglaterra,Reece James,reece-james,DEFENSORES,CB,[],Q39076401,Reece James,English association football player (born 1999),matched,1999-12-08,179,Chelsea F.C.,,false,45,64,89,14,83
Inglaterra,inglaterra,Tino Livramento,tino-livramento,DEFENSORES,CB,[],Q107930811,Tino Livramento,English association football player (born 2002),matched,2002-11-12,173,Newcastle United F.C.,,false,37,56,81,6,75
Inglaterra,inglaterra,Marc Guéhi,marc-guehi,DEFENSORES,CB,[],Q44737396,Marc Guéhi,English association football player (born 2000),matched,2000-07-13,182,Manchester City F.C.,,false,46,65,90,15,84
Inglaterra,inglaterra,Ezri Konsa,ezri-konsa,DEFENSORES,CB,[],Q27063854,Ezri Konsa,English association football player (born 1997),matched,1997-10-23,183,Aston Villa F.C.,,false,42,61,86,11,80
Inglaterra,inglaterra,John Stones,john-stones,DEFENSORES,CB,[],Q2025900,John Stones,English association football player (born 1994),matched,1994-05-28,188,Manchester City F.C.,,false,44,63,88,13,82
Inglaterra,inglaterra,Jarell Quansah,jarell-quansah,DEFENSORES,CB,[],Q112813857,Jarell Quansah,English association football player,matched,2003-01-29,190,Bayer 04 Leverkusen,,false,45,64,89,14,83
Inglaterra,inglaterra,Nico O’Reilly,nico-o-reilly,DEFENSORES,CB,"[""LB"",""RB""]",Q118645253,Nico O'Reilly,English association football player (born 2005),matched,2005-03-21,193,Manchester City F.C.,,false,42,61,86,11,80
Inglaterra,inglaterra,Dan Burn,dan-burn,DEFENSORES,CB,[],Q5213217,Dan Burn,English association football player (born 1992),matched,1992-05-09,198,Newcastle United F.C.,,false,37,56,81,6,75
Inglaterra,inglaterra,Djed Spence,djed-spence,DEFENSORES,CB,[],Q56222532,Djed Spence,English association football player,matched,2000-08-09,185,Tottenham Hotspur F.C.,,false,43,62,87,12,81
Inglaterra,inglaterra,Declan Rice,declan-rice,MEDIOCAMPISTAS,CDM,[],Q30007142,Declan Rice,English footballer (born 1999),matched,1999-01-14,188,Arsenal F.C.,,false,55,84,76,12,83
Inglaterra,inglaterra,Elliot Anderson,elliot-anderson,MEDIOCAMPISTAS,CM,[],Q104762954,Elliot Anderson,English association football player,matched,2002-11-06,179,Nottingham Forest F.C.,,false,63,84,65,10,82
Inglaterra,inglaterra,Jude Bellingham,jude-bellingham,MEDIOCAMPISTAS,CM,[],Q66241169,Jude Bellingham,English association football player (born 2003),matched,2003-06-29,186,Real Madrid Club de Fútbol,,false,67,88,69,14,86
Inglaterra,inglaterra,Jordan Henderson,jordan-henderson,MEDIOCAMPISTAS,CM,[],Q273715,Jordan Henderson,English association football player (born 1990),matched,1990-06-17,182,Brentford F.C.,,false,58,79,60,5,77
Inglaterra,inglaterra,Morgan Rogers,morgan-rogers,MEDIOCAMPISTAS,CAM,[],Q61598452,Morgan Rogers,English association football player,matched,2002-07-26,189,Aston Villa F.C.,,false,75,84,43,7,80
Inglaterra,inglaterra,Kobbie Mainoo,kobbie-mainoo,MEDIOCAMPISTAS,CM,[],Q114703020,Kobbie Mainoo,English footballer (born 2005),matched,2005-04-19,175,Manchester United F.C.,,false,66,87,68,13,85
Inglaterra,inglaterra,Harry Kane,harry-kane,DELANTEROS,ST,[],Q969725,Harry Kane,English association football player (born 1993),matched,1993-07-28,188,FC Bayern Munich,,false,90,65,33,10,85
Inglaterra,inglaterra,Ivan Toney,ivan-toney,DELANTEROS,ST,[],Q16239819,Ivan Toney,English association football player,matched,1996-03-16,179,Al Ahli FC,,false,84,59,27,4,79
Inglaterra,inglaterra,Ollie Watkins,ollie-watkins,DELANTEROS,ST,[],Q16911979,Ollie Watkins,English footballer (born 1995),matched,1995-12-30,180,Aston Villa F.C.,,false,88,63,31,8,83
Inglaterra,inglaterra,Bukayo Saka,bukayo-saka,DELANTEROS,RW,[],Q59306386,Bukayo Saka,English footballer (born 2001),matched,2001-09-05,178,Arsenal F.C.,,false,89,77,42,13,87
Inglaterra,inglaterra,Noni Madueke,noni-madueke,DELANTEROS,RW,[],Q66801705,Noni Madueke,English footballer (born 2002),matched,2002-03-10,182,Arsenal F.C.,,false,90,78,43,14,88
Inglaterra,inglaterra,Marcus Rashford,marcus-rashford,DELANTEROS,ST,[],Q22951255,Marcus Rashford,English association football player (born 1997),matched,1997-10-31,188,Manchester United F.C.,,false,92,67,35,12,87
Inglaterra,inglaterra,Anthony Gordon,anthony-gordon,DELANTEROS,RW,[],Q45179405,Anthony Gordon,English association football player (born 2001)and a Barcelona player,matched,2001-02-24,183,Fc Barcelona,,false,90,78,43,14,88
Inglaterra,inglaterra,Eberechi Eze,eberechi-eze,DELANTEROS,LW,[],Q28445512,Eberechi Eze,English association football player (born 1998),matched,1998-06-29,178,Arsenal F.C.,,false,91,79,44,15,89
Croacia,croacia,Dominik Livakovic,dominik-livakovic,ARQUEROS,GK,[],Q18207229,Dominik Livaković,Croatian association football player (born 1995),matched,1995-01-09,186,Fenerbahçe Istanbul,,false,13,23,35,84,77
Croacia,croacia,Dominik Kotarski,dominik-kotarski,ARQUEROS,GK,[],Q51159914,Dominik Kotarski,Croatian association football player,matched,2000-02-10,189,AFC Ajax,,false,18,28,40,89,82
Croacia,croacia,Ivor Pandur,ivor-pandur,ARQUEROS,GK,[],Q84462730,Ivor Pandur,Croatian association football player,matched,2000-03-25,187,Hellas Verona FC,,false,11,21,33,82,75
Croacia,croacia,Josko Gvardiol,josko-gvardiol,DEFENSORES,CB,[],Q73400656,Joško Gvardiol,Croatian association football player (born 2002),matched,2002-01-23,185,Manchester City F.C.,,false,44,63,88,13,82
Croacia,croacia,Duje Caleta-Car,duje-caleta-car,DEFENSORES,CB,[],Q17612806,Duje Ćaleta-Car,Croatian association football player (born 1996),matched,1996-09-17,193,Olympique Lyonnais,,false,38,57,82,7,76
Croacia,croacia,Josip Sutalo,josip-sutalo,DEFENSORES,CB,[],Q98592909,Josip Šutalo,Croation association football player,matched,2000-02-28,190,,,false,32,51,76,1,70
Croacia,croacia,Josip Stanisic,josip-stanisic,DEFENSORES,CB,[],Q65950201,Josip Stanišić,Croatian association football player (born 2000),matched,2000-04-02,186,FC Bayern Munich II,,false,34,53,78,3,72
Croacia,croacia,Marin Pongračić,marin-pongracic,DEFENSORES,CB,[],Q29427316,Marin Pongračić,Croatian association football player,matched,1997-09-11,193,FC Bayern Munich,,false,44,63,88,13,82
Croacia,croacia,Martin Erlic,martin-erlic,DEFENSORES,CB,[],Q42319683,Martin Erlić,Croatian association football player,matched,1998-01-24,193,Parma Calcio 1913,,false,38,57,82,7,76
Croacia,croacia,Luka Vuskovic,luka-vuskovic,DEFENSORES,CB,[],Q115162374,Luka Vušković,Croatian footballer,matched,2007-02-24,193,Tottenham Hotspur F.C.,,false,40,59,84,9,78
Croacia,croacia,Luka Modric,luka-modric,MEDIOCAMPISTAS,CM,"[""CAM""]",Q483837,Luka Modrić,Croatian association football player (born 1985),matched,1985-09-09,174,AC Milan,,false,63,84,65,10,82
Croacia,croacia,Mateo Kovacic,mateo-kovacic,MEDIOCAMPISTAS,CM,[],Q701297,Mateo Kovačić,Croatian association football player (born 1994),matched,1994-05-06,177,Manchester City F.C.,,false,64,85,66,11,83
Croacia,croacia,Mario Pasalic,mario-pasalic,MEDIOCAMPISTAS,CM,[],Q14625183,Mario Pašalić,Croatian footballer,matched,1995-02-09,188,Atalanta BC,,false,56,77,58,3,75
Croacia,croacia,Nikola Vlasic,nikola-vlasic,MEDIOCAMPISTAS,CM,[],Q17501875,Nikola Vlašić,Croatian association football player,matched,1997-10-04,178,Torino FC,,false,60,81,62,7,79
Croacia,croacia,Luka Sucic,luka-sucic,MEDIOCAMPISTAS,CM,[],Q67999144,Luka Sučić,Croatian association football player,matched,2002-09-08,185,FC Liefering,,false,55,76,57,2,74
Croacia,croacia,Martin Baturina,martin-baturina,MEDIOCAMPISTAS,CM,[],Q107446975,Martin Baturina,Croatian association football player (born 2003),matched,2003-02-16,172,,,false,51,72,53,1,70
Croacia,croacia,Kristijan Jakic,kristijan-jakic,MEDIOCAMPISTAS,CM,[],Q27106995,Kristijan Jakić,association football player,matched,1997-05-14,181,NK Lokomotiva,,false,59,80,61,6,78
Croacia,croacia,Petar Sucic,petar-sucic,MEDIOCAMPISTAS,CM,"[""CDM"",""CAM""]",Q120907522,Petar Sučić,Croatian footballer (born 2003),matched,2003-10-25,183,,,false,55,76,57,2,74
Croacia,croacia,Nikola Moro,nikola-moro,MEDIOCAMPISTAS,CM,[],Q27914817,Nikola Moro,Croatian association football player,matched,1998-03-12,185,GNK Dinamo Zagreb,,false,61,82,63,8,80
Croacia,croacia,Toni Fruk,toni-fruk,MEDIOCAMPISTAS,CM,[],Q109587383,Toni Fruk,Croatian association football player (born 2001),matched,2001-03-09,174,,,false,53,74,55,1,72
Croacia,croacia,Ivan Perisic,ivan-perisic,DELANTEROS,ST,"[""LW"",""RW""]",Q161054,Ivan Perišić,Croatian association football player,matched,1989-02-02,186,PSV Eindhoven,,false,85,60,28,5,80
Croacia,croacia,Andrej Kramaric,andrej-kramaric,DELANTEROS,ST,[],Q502898,Andrej Kramarić,Croatian association football player,matched,1991-06-19,180,TSG 1899 Hoffenheim,,false,86,61,29,6,81
Croacia,croacia,Ante Budimir,ante-budimir,DELANTEROS,ST,[],Q17505049,Ante Budimir,Croatian association football player (born 1991),matched,1991-07-22,190,Club Atlético Osasuna,,false,84,59,27,4,79
Croacia,croacia,Marco Pasalic,marco-pasalic,DELANTEROS,ST,"[""LW"",""RW""]",Q107641804,Marco Pašalić,Croatian-German associatiion football player,matched,2000-09-14,177,,,false,81,56,24,1,76
Croacia,croacia,Petar Musa,petar-musa,DELANTEROS,ST,[],Q84810924,Petar Musa,Croatian association football player,matched,1998-03-04,190,SK Slavia Prague,,false,90,65,33,10,85
Croacia,croacia,Igor Matanovic,igor-matanovic,DELANTEROS,ST,"[""LW"",""RW""]",Q102399064,Igor Matanović,German association football player,matched,2003-03-31,194,,,false,79,54,22,1,74
Panamá,panama,Orlando Mosquera,orlando-mosquera,ARQUEROS,GK,[],Q48839143,Orlando Mosquera,Panamanian association football player,matched,1994-12-25,191,Panama men's national football team,,false,12,22,34,83,76
Panamá,panama,Luis Mejía,luis-mejia,ARQUEROS,GK,[],Q2465298,Luis Mejía,Panamanian footballer,matched,1991-03-16,191,Club Nacional de Football,,false,8,18,30,79,72
Panamá,panama,César Samudio,cesar-samudio,ARQUEROS,GK,[],Q114216100,César Samudio,Panamanian association football player,matched,1994-03-26,188,Chepo FC,,false,13,23,35,84,77
Panamá,panama,César Blackman,cesar-blackman,DEFENSORES,CB,"[""LB"",""RB""]",Q63088236,César Blackman,football player (1975-2019),matched,1975-00-00,,,,false,32,51,76,1,70
Panamá,panama,Jorge Gutiérrez,jorge-gutierrez,DEFENSORES,CB,"[""LB"",""RB""]",,,,unmatched,,,,,false,29,48,73,1,67
Panamá,panama,Amir Murillo,amir-murillo,DEFENSORES,CB,[],Q27805413,Michael Amir Murillo,Panamanian footballer,matched,1996-02-11,183,Beşiktaş J.K. (Football),,false,36,55,80,5,74
Panamá,panama,Fidel Escobar,fidel-escobar,DEFENSORES,CB,[],Q20090660,Fidel Escobar,Panamanian association football player,matched,1995-01-09,181,AD Alcorcón,,false,35,54,79,4,73
Panamá,panama,Andrés Andrade,andres-andrade,DEFENSORES,CB,"[""LB"",""RB""]",,,,unmatched,,,,,false,32,51,76,1,70
Panamá,panama,Edgardo Fariña,edgardo-farina,DEFENSORES,CB,"[""LB"",""RB""]",Q117239349,Edgardo Fariña,Panamanian footballer,matched,2001-10-19,194,Sociedad Deportiva Atlético Nacional,,false,34,53,78,3,72
Panamá,panama,José Córdoba,jose-cordoba,DEFENSORES,CB,"[""LB"",""RB""]",Q108543955,José Córdoba,Panamanian footballer,matched,2001-03-06,187,Club Atlético Independiente de La Chorrera,,false,37,56,81,6,75
Panamá,panama,Eric Davis,eric-davis,DEFENSORES,CB,[],Q3731469,Eric Davis,Panamanian association football player,matched,1991-03-31,179,FC DAC 1904 Dunajská Streda,,false,33,52,77,2,71
Panamá,panama,Jiovani Ramos,jiovani-ramos,DEFENSORES,CB,"[""LB"",""RB""]",Q140078614,Jiovani Ramos,Panamanian footballer,matched,1997-01-26,,,,false,33,52,77,2,71
Panamá,panama,Roderick Miller,roderick-miller,DEFENSORES,CB,[],Q3939881,Roderick Miller,Panamanian footballer,matched,1992-04-03,189,San Francisco F.C.,,false,35,54,79,4,73
Panamá,panama,Aníbal Godoy,anibal-godoy,MEDIOCAMPISTAS,CM,[],Q2759958,Aníbal Godoy,Panamanian association football player,matched,1990-02-10,182,San Jose Earthquakes,,false,52,73,54,1,71
Panamá,panama,Adalberto Carrasquilla,adalberto-carrasquilla,MEDIOCAMPISTAS,CM,[],Q59193510,Adalberto Carrasquilla,Panamanian footballer,matched,1998-11-28,170,FC Cartagena,,false,56,77,58,3,75
Panamá,panama,Carlos Harvey,carlos-harvey,MEDIOCAMPISTAS,CM,[],Q61990402,Carlos Harvey,Panamanian footballer,matched,2000-02-03,184,LA Galaxy II,,false,56,77,58,3,75
Panamá,panama,Cristian Martínez,cristian-martinez,MEDIOCAMPISTAS,CM,"[""CDM"",""CAM""]",Q108803512,Cristian Martínez,Paraguayan footballer,matched,1983-05-19,,,,false,51,72,53,1,70
Panamá,panama,José Luis Rodríguez,jose-luis-rodriguez,MEDIOCAMPISTAS,CM,"[""CDM"",""CAM""]",,,,unmatched,,,,,false,55,76,57,2,74
Panamá,panama,César Yanis,cesar-yanis,MEDIOCAMPISTAS,CM,"[""CDM"",""CAM""]",Q100271502,César Yanis,Panamanian footballer,matched,1996-01-28,170,,,false,52,73,54,1,71
Panamá,panama,Yoel Bárcenas,yoel-barcenas,MEDIOCAMPISTAS,CM,"[""CDM"",""CAM""]",Q21072120,Édgar Joel Bárcenas,Panamanian association football player,matched,1993-10-23,175,Girona FC,,false,55,76,57,2,74
Panamá,panama,Alberto Quintero,alberto-quintero,MEDIOCAMPISTAS,CM,[],Q766988,Alberto Quintero,Panamian footballer,matched,1987-12-18,167,Club Universitario de Deportes,,false,54,75,56,1,73
Panamá,panama,Azarías Londoño,azarias-londono,MEDIOCAMPISTAS,CM,"[""CDM"",""CAM""]",Q117304605,Azarias Londoño,Panamanian footballer,matched,2001-06-21,185,Alianza F.C.,,false,57,78,59,4,76
Panamá,panama,Ismael Díaz,ismael-diaz,DELANTEROS,ST,"[""LW"",""RW""]",Q24689169,Ismael Díaz,association football player,matched,1990-08-21,,Club Barcelona Atlético,,false,83,58,26,3,78
Panamá,panama,Cecilio Waterman,cecilio-waterman,DELANTEROS,ST,"[""LW"",""RW""]",Q969014,Cecilio Waterman,Panamanian professional association football striker,matched,1991-04-13,181,Centro Atlético Fénix,,false,82,57,25,2,77
Panamá,panama,José Fajardo,jose-fajardo,DELANTEROS,ST,[],Q48877857,José Fajardo,Panamanian footballer,matched,1993-08-18,180,Club 9 de Octubre,,false,86,61,29,6,81
Panamá,panama,Tomás Rodríguez,tomas-rodriguez,DELANTEROS,ST,[],Q117842510,Tomás Rodríguez,Panamanian association football player,matched,1999-03-09,183,,,false,81,56,24,1,76
Ghana,ghana,Benjamin Asare,benjamin-asare,ARQUEROS,GK,[],Q106212969,Benjamin Asare,Ghanaian association football player,matched,1992-01-01,,,,false,9,19,31,80,73
Ghana,ghana,Lawrence Ati-Zigi,lawrence-ati-zigi,ARQUEROS,GK,[],Q21523253,Lawrence Ati-Zigi,Ghanaian association football player,matched,1996-11-29,188,FC Liefering,,false,9,19,31,80,73
Ghana,ghana,Joseph Anang,joseph-anang,ARQUEROS,GK,[],Q107985032,Joseph Anang,Ghanaian-born English association football player,matched,2000-06-08,,,,false,10,20,32,81,74
Ghana,ghana,Baba Rahman,baba-rahman,DEFENSORES,CB,[],Q317389,Baba Rahman,Ghanaian footballer,matched,1994-07-02,179,Chelsea F.C.,,false,42,61,86,11,80
Ghana,ghana,Gideon Mensah,gideon-mensah,DEFENSORES,CB,[],Q25939340,Gideon Mensah,association football player,matched,1998-07-18,178,FC Red Bull Salzburg,,false,40,59,84,9,78
Ghana,ghana,Marvin Senaya,marvin-senaya,DEFENSORES,CB,"[""LB"",""RB""]",Q108606228,Marvin Senaya,French footballer,matched,2001-01-28,181,,,false,30,49,74,1,68
Ghana,ghana,Alidu Seidu,alidu-seidu,DEFENSORES,CB,[],Q102426988,Alidu Seidu,Ghanaian footballer,matched,2000-06-04,173,,,false,30,49,74,1,68
Ghana,ghana,Abdul Mumin,abdul-mumin,DEFENSORES,CB,[],Q27064119,Abdul Mumin,Ghanaian association football player,matched,1998-06-06,188,Rayo Vallecano,,false,38,57,82,7,76
Ghana,ghana,Jerome Opoku,jerome-opoku,DEFENSORES,CB,[],Q67905022,Jerome Opoku,English association football player (born 1998),matched,1998-10-14,194,Fulham F.C.,,false,42,61,86,11,80
Ghana,ghana,Jonas Adjetey,jonas-adjetey,DEFENSORES,CB,"[""LB"",""RB""]",Q124045019,Jonas Adjetey,Ghanaian footballer,matched,2003-12-13,188,,,false,31,50,75,1,69
Ghana,ghana,Kojo Peprah,kojo-peprah,DEFENSORES,CB,"[""LB"",""RB""]",Q117848823,Kojo Oppong,Ghanaian association football player,matched,2004-06-04,185,IFK Norrköping FK,,false,36,55,80,5,74
Ghana,ghana,Derrick Luckassen,derrick-luckassen,DEFENSORES,CB,[],Q18046760,Derrick Luckassen,Dutch footballer,matched,1995-07-03,186,AZ Alkmaar,,false,40,59,84,9,78
Ghana,ghana,Elisha Owusu,elisha-owusu,MEDIOCAMPISTAS,CM,[],Q55934972,Elisha Owusu,Ghanaian and French association football player,matched,1997-11-07,182,Olympique Lyonnais,,false,62,83,64,9,81
Ghana,ghana,Thomas Partey,thomas-partey,MEDIOCAMPISTAS,CM,"[""CDM"",""CAM""]",Q118496464,Thomas Partey,Ghanaian Footballer,matched,,,,,false,51,72,53,1,70
Ghana,ghana,Kwasi Sibo,kwasi-sibo,MEDIOCAMPISTAS,CM,[],Q66370589,Kwasi Sibo,association football player,matched,1998-06-24,182,Real Oviedo,,false,58,79,60,5,77
Ghana,ghana,Augustine Boakye,augustine-boakye,MEDIOCAMPISTAS,CM,"[""CDM"",""CAM""]",Q90307470,Augustine Boakye,Ghanaian footballer,matched,2000-11-03,178,Feyenoord Academy Ghana,,false,59,80,61,6,78
Ghana,ghana,Caleb Yirenkyi,caleb-yirenkyi,MEDIOCAMPISTAS,CM,"[""CDM"",""CAM""]",Q130337999,Caleb Yirenkyi,Ghanaian footballer,matched,2006-01-15,182,,,false,51,72,53,1,70
Ghana,ghana,Abdul Fatawu,abdul-fatawu,MEDIOCAMPISTAS,CM,"[""CDM"",""CAM""]",Q105812639,Abdul Fatawu Issahak,Ghanaian association football player,matched,2004-03-08,177,Leicester City F.C.,,false,59,80,61,6,78
Ghana,ghana,Kamaldeen Sulemana,kamaldeen-sulemana,DELANTEROS,ST,"[""LW"",""RW""]",Q86269576,Kamaldeen Sulemana,Ghanaian association football player,matched,2002-02-15,174,FC Nordsjælland,,false,91,66,34,11,86
Ghana,ghana,Ernest Nuamah,ernest-nuamah,DELANTEROS,ST,"[""LW"",""RW""]",Q111584129,Ernest Nuamah,Ghanaian professional footballer,matched,2003-11-01,178,,,false,81,56,24,1,76
Ghana,ghana,Antoine Semenyo,antoine-semenyo,DELANTEROS,ST,[],Q52990659,Antoine Semenyo,Ghanaian association football player (born 2000),matched,2000-01-07,185,Manchester City F.C.,,false,93,68,36,13,88
Ghana,ghana,Christopher Bonsu Baah,christopher-bonsu-baah,DELANTEROS,RW,[],Q117408985,Christopher Bonsu Baah,association football player,matched,2004-12-14,172,K.R.C. Genk,,false,82,70,35,6,80
Ghana,ghana,Brandon Thomas-Asante,brandon-thomas-asante,DELANTEROS,ST,[],Q26251815,Brandon Thomas-Asante,association football player,matched,1999-12-29,180,Milton Keynes Dons F.C.,,false,84,59,27,4,79
Ghana,ghana,Iñaki Williams,inaki-williams,DELANTEROS,ST,[],Q18608497,Iñaki Williams,Ghanaian association football player (born 1994),matched,1994-06-15,186,Athletic Club,,false,82,57,25,2,77
Ghana,ghana,Jordan Ayew,jordan-ayew,DELANTEROS,ST,[],Q367861,Jordan Ayew,Ghanaian-French footballer (born 1991),matched,1991-09-11,182,Leicester City F.C.,,false,82,57,25,2,77
Ghana,ghana,Prince Adu,prince-adu,DELANTEROS,ST,"[""LW"",""RW""]",,,,unmatched,,,,,false,79,54,22,1,74
